Tempo,acelX,acelX_h
188.4,0.048828125,0.048828125
188.42000000000002,0.0552978515625,0.0552978515625
188.44,0.0233154296875,0.0233154296875
188.46,0.030029296875,0.030029296875
188.48000000000002,0.030517578125,0.030517578125
188.5,0.04248046875,0.04248046875
188.52,0.0587158203125,0.0587158203125
188.54,0.0103759765625,0.0103759765625
188.56,0.030029296875,0.030029296875
188.58,0.036865234375,0.036865234375
188.6,0.044921875,0.044921875
188.62,0.018310546875,0.018310546875
188.64000000000001,0.0653076171875,0.0653076171875
188.66,0.0125732421875,0.0125732421875
188.68,0.0224609375,0.0224609375
188.70000000000002,0.066162109375,0.066162109375
188.72,0.074462890625,0.074462890625
188.74,-0.028076171875,-0.028076171875
188.76000000000002,0.0567626953125,0.0567626953125
188.78,0.0672607421875,0.0672607421875
188.8,0.0015869140625,0.0015869140625
188.82,0.0491943359375,0.0491943359375
188.84,-0.0133056640625,-0.0133056640625
188.86,0.04443359375,0.04443359375
188.88,0.020263671875,0.020263671875
188.9,0.03173828125,0.03173828125
188.92000000000002,0.014404296875,0.014404296875
188.94,0.0870361328125,0.0870361328125
188.96,0.0516357421875,0.0516357421875
188.98000000000002,-0.0087890625,-0.0087890625
189.0,0.01611328125,0.01611328125
189.02,0.058349609375,0.058349609375
189.04,0.060546875,0.060546875
189.06,0.0230712890625,0.0230712890625
189.08,-0.0137939453125,-0.0137939453125
189.1,0.037109375,0.037109375
189.12,0.04296875,0.04296875
189.14000000000001,0.044921875,0.044921875
189.16,0.0299072265625,0.0299072265625
189.18,0.0286865234375,0.0286865234375
189.20000000000002,0.0069580078125,
189.22,0.0528564453125,
189.24,0.0421142578125,0.0421142578125
189.26000000000002,0.0472412109375,0.0472412109375
189.28,0.0328369140625,0.0328369140625
189.3,0.009521484375,
189.32,0.0240478515625,0.0240478515625
189.34,0.031982421875,0.031982421875
189.36,0.0240478515625,0.0240478515625
189.38,0.0594482421875,
189.4,0.033447265625,0.033447265625
189.42000000000002,0.025390625,0.025390625
189.44,0.0301513671875,0.0301513671875
189.46,0.042236328125,0.042236328125
189.48000000000002,0.0406494140625,0.0406494140625
189.5,0.0252685546875,0.0252685546875
189.52,0.025390625,0.025390625
189.54,0.022705078125,0.022705078125
189.56,0.0244140625,0.0244140625
189.58,0.0426025390625,0.0426025390625
189.6,0.04541015625,0.04541015625
189.62,0.023193359375,0.023193359375
189.64000000000001,0.040283203125,0.040283203125
189.66,0.0404052734375,0.0404052734375
189.68,0.0291748046875,0.0291748046875
189.70000000000002,0.0311279296875,0.0311279296875
189.72,0.015869140625,0.015869140625
189.74,0.0430908203125,0.0430908203125
189.76000000000002,0.03857421875,0.03857421875
189.78,0.007080078125,
189.8,0.0107421875,
189.82,0.035888671875,0.035888671875
189.84,0.03466796875,0.03466796875
189.86,-0.00341796875,
189.88,0.037353515625,0.037353515625
189.9,0.001708984375,
189.92000000000002,-0.003173828125,
189.94,0.029296875,0.029296875
189.96,0.0008544921875,
189.98000000000002,0.0595703125,
190.0,0.062744140625,
190.02,0.0074462890625,
190.04,0.0667724609375,
190.06,0.00830078125,
190.08,0.0113525390625,0.0113525390625
190.1,0.0599365234375,
190.12,0.054931640625,
190.14000000000001,0.03515625,0.03515625
190.16,0.026123046875,0.026123046875
190.18,0.0286865234375,0.0286865234375
190.20000000000002,0.024169921875,0.024169921875
190.22,0.0206298828125,0.0206298828125
190.24,0.0167236328125,0.0167236328125
190.26000000000002,0.0301513671875,0.0301513671875
190.28,0.037353515625,0.037353515625
190.3,0.029296875,0.029296875
190.32,0.022216796875,0.022216796875
190.34,0.021728515625,0.021728515625
190.36,0.041748046875,0.041748046875
190.38,0.0189208984375,0.0189208984375
190.4,0.03955078125,0.03955078125
190.42000000000002,0.0030517578125,
190.44,0.038330078125,0.038330078125
190.46,0.00927734375,
190.48000000000002,0.0294189453125,0.0294189453125
190.5,0.06787109375,
190.52,0.0037841796875,
190.54,0.0516357421875,
190.56,0.0269775390625,0.0269775390625
190.58,0.04638671875,0.04638671875
190.6,0.028076171875,0.028076171875
190.62,0.04150390625,0.04150390625
190.64000000000001,0.0450439453125,0.0450439453125
190.66,0.03564453125,0.03564453125
190.68,0.06494140625,
190.70000000000002,0.0118408203125,
190.72,0.009033203125,
190.74,0.048828125,
190.76000000000002,0.015625,0.015625
190.78,0.012939453125,
190.8,0.050537109375,
190.82,0.0400390625,0.0400390625
190.84,0.053466796875,
190.86,0.0416259765625,0.0416259765625
190.88,0.0255126953125,0.0255126953125
190.9,0.0167236328125,0.0167236328125
190.92000000000002,0.0296630859375,0.0296630859375
190.94,0.0330810546875,0.0330810546875
190.96,0.0250244140625,0.0250244140625
190.98000000000002,0.0255126953125,0.0255126953125
191.0,0.0421142578125,0.0421142578125
191.02,0.03466796875,0.03466796875
191.04,0.0233154296875,0.0233154296875
191.06,0.023193359375,0.023193359375
191.08,0.0341796875,0.0341796875
191.1,0.0352783203125,0.0352783203125
191.12,0.0133056640625,0.0133056640625
191.14000000000001,0.046630859375,0.046630859375
191.16,0.036865234375,0.036865234375
191.18,0.001708984375,
191.20000000000002,0.0074462890625,
191.22,0.0419921875,0.0419921875
191.24,0.049072265625,
191.26000000000002,0.0225830078125,0.0225830078125
191.28,0.0181884765625,0.0181884765625
191.3,0.0228271484375,0.0228271484375
191.32,0.0257568359375,0.0257568359375
191.34,0.0355224609375,0.0355224609375
191.36,0.0533447265625,
191.38,0.0377197265625,0.0377197265625
191.4,0.0245361328125,0.0245361328125
191.42000000000002,0.020263671875,0.020263671875
191.44,0.0028076171875,
191.46,0.029296875,0.029296875
191.48000000000002,0.034912109375,0.034912109375
191.5,0.01171875,0.01171875
191.52,0.052490234375,
191.54,0.041015625,0.041015625
191.56,0.0511474609375,
191.58,0.032470703125,0.032470703125
191.6,0.007568359375,0.007568359375
191.62,0.05126953125,
191.64000000000001,0.0433349609375,0.0433349609375
191.66,0.0380859375,0.0380859375
191.68,-0.0059814453125,
191.70000000000002,0.00390625,0.00390625
191.72,0.0157470703125,0.0157470703125
191.74,0.0264892578125,0.0264892578125
191.76000000000002,0.029296875,0.029296875
191.78,0.0521240234375,0.0521240234375
191.8,0.079833984375,
191.82,0.020751953125,0.020751953125
191.84,0.0006103515625,0.0006103515625
191.86,0.0169677734375,0.0169677734375
191.88,-0.04296875,
191.9,0.03515625,0.03515625
191.92000000000002,-0.001953125,-0.001953125
191.94,0.0247802734375,0.0247802734375
191.96,0.043701171875,0.043701171875
191.98000000000002,0.0477294921875,0.0477294921875
192.0,0.05859375,
192.02,-0.02490234375,
192.04,-0.0023193359375,-0.0023193359375
192.06,0.0009765625,0.0009765625
192.08,-0.0213623046875,
192.1,-0.0574951171875,
192.12,0.00732421875,0.00732421875
192.14000000000001,-0.0216064453125,
192.16,0.045654296875,0.045654296875
192.18,0.0169677734375,0.0169677734375
192.20000000000002,0.06640625,
192.22,-0.0484619140625,
192.24,-0.03759765625,
192.26000000000002,0.0067138671875,0.0067138671875
192.28,0.045654296875,0.045654296875
192.3,0.056884765625,0.056884765625
192.32,0.01318359375,0.01318359375
192.34,0.0025634765625,0.0025634765625
192.36,-0.0240478515625,
192.38,0.0252685546875,0.0252685546875
192.4,0.07177734375,
192.42000000000002,0.0142822265625,0.0142822265625
192.44,0.04150390625,0.04150390625
192.46,-0.0003662109375,-0.0003662109375
192.48000000000002,0.0037841796875,0.0037841796875
192.5,0.00341796875,0.00341796875
192.52,0.0194091796875,0.0194091796875
192.54,-0.0623779296875,
192.56,0.0189208984375,0.0189208984375
192.58,0.022216796875,0.022216796875
192.6,0.0738525390625,0.0738525390625
192.62,0.0528564453125,0.0528564453125
192.64000000000001,0.033447265625,0.033447265625
192.66,0.0216064453125,0.0216064453125
192.68,-0.02197265625,-0.02197265625
192.70000000000002,-0.033203125,-0.033203125
192.72,-0.03271484375,-0.03271484375
192.74,0.1265869140625,0.1265869140625
192.76000000000002,0.0355224609375,0.0355224609375
192.78,0.110107421875,0.110107421875
192.8,0.096923828125,0.096923828125
192.82,-0.0281982421875,
192.84,-0.046142578125,
192.86,0.0078125,0.0078125
192.88,0.0150146484375,0.0150146484375
192.9,0.14208984375,0.14208984375
192.92000000000002,0.11767578125,0.11767578125
192.94,0.128662109375,0.128662109375
192.96,0.119873046875,0.119873046875
192.98000000000002,0.071044921875,0.071044921875
193.0,0.111572265625,0.111572265625
193.02,0.13330078125,0.13330078125
193.04,0.1202392578125,0.1202392578125
193.06,0.1617431640625,0.1617431640625
193.08,0.310302734375,
193.1,0.2086181640625,0.2086181640625
193.12,0.1270751953125,0.1270751953125
193.14000000000001,0.113525390625,0.113525390625
193.16,0.1331787109375,0.1331787109375
193.18,0.132568359375,0.132568359375
193.20000000000002,0.11376953125,0.11376953125
193.22,0.155517578125,0.155517578125
193.24,0.2008056640625,0.2008056640625
193.26000000000002,0.1444091796875,0.1444091796875
193.28,0.2135009765625,0.2135009765625
193.3,0.2071533203125,
193.32,0.2564697265625,
193.34,0.3145751953125,
193.36,0.3184814453125,
193.38,0.2667236328125,
193.4,0.2470703125,
193.42000000000002,0.2144775390625,
193.44,0.14501953125,0.14501953125
193.46,0.12353515625,0.12353515625
193.48000000000002,0.11181640625,0.11181640625
193.5,0.117919921875,0.117919921875
193.52,0.195068359375,
193.54,0.197998046875,
193.56,0.23291015625,
193.58,0.1522216796875,0.1522216796875
193.6,0.1358642578125,0.1358642578125
193.62,0.206298828125,0.206298828125
193.64000000000001,0.2274169921875,
193.66,0.07421875,
193.68,0.1744384765625,0.1744384765625
193.70000000000002,0.135009765625,0.135009765625
193.72,0.029052734375,
193.74,0.1983642578125,0.1983642578125
193.76000000000002,0.099853515625,0.099853515625
193.78,0.2769775390625,
193.8,0.1766357421875,0.1766357421875
193.82,0.17626953125,0.17626953125
193.84,0.191650390625,0.191650390625
193.86,0.1456298828125,0.1456298828125
193.88,0.1982421875,0.1982421875
193.9,0.176513671875,0.176513671875
193.92000000000002,0.17431640625,0.17431640625
193.94,0.1246337890625,0.1246337890625
193.96,0.1412353515625,0.1412353515625
193.98000000000002,0.1458740234375,0.1458740234375
194.0,0.142578125,0.142578125
194.02,0.1612548828125,0.1612548828125
194.04,0.13232421875,0.13232421875
194.06,0.1544189453125,0.1544189453125
194.08,0.05859375,
194.1,0.1239013671875,0.1239013671875
194.12,0.2335205078125,
194.14000000000001,0.0882568359375,
194.16,0.1656494140625,0.1656494140625
194.18,0.1131591796875,0.1131591796875
194.20000000000002,0.16259765625,0.16259765625
194.22,0.150390625,0.150390625
194.24,0.072265625,
194.26000000000002,0.18408203125,0.18408203125
194.28,0.2266845703125,
194.3,0.20458984375,
194.32,0.2005615234375,
194.34,0.1387939453125,0.1387939453125
194.36,0.188232421875,0.188232421875
194.38,0.1285400390625,0.1285400390625
194.4,0.1180419921875,0.1180419921875
194.42000000000002,0.116943359375,0.116943359375
194.44,0.1138916015625,0.1138916015625
194.46,0.102783203125,0.102783203125
194.48000000000002,0.08349609375,0.08349609375
194.5,0.150634765625,0.150634765625
194.52,0.083251953125,0.083251953125
194.54,0.0894775390625,0.0894775390625
194.56,0.2169189453125,
194.58,0.0833740234375,0.0833740234375
194.6,0.2236328125,
194.62,0.17333984375,
194.64000000000001,0.1591796875,0.1591796875
194.66,0.0440673828125,0.0440673828125
194.68,0.10205078125,0.10205078125
194.70000000000002,0.0926513671875,0.0926513671875
194.72,0.116943359375,0.116943359375
194.74,0.1287841796875,0.1287841796875
194.76000000000002,0.1395263671875,0.1395263671875
194.78,0.11962890625,0.11962890625
194.8,0.089599609375,0.089599609375
194.82,0.1629638671875,
194.84,0.08154296875,0.08154296875
194.86,0.1610107421875,
194.88,0.0723876953125,0.0723876953125
194.9,0.080810546875,0.080810546875
194.92000000000002,0.1033935546875,0.1033935546875
194.94,-0.0474853515625,
194.96,-0.0322265625,
194.98000000000002,0.029541015625,0.029541015625
195.0,0.0506591796875,0.0506591796875
195.02,0.0775146484375,0.0775146484375
195.04,0.0799560546875,0.0799560546875
195.06,0.091552734375,0.091552734375
195.08,0.0748291015625,0.0748291015625
195.1,-0.0123291015625,
195.12,-0.054931640625,
195.14000000000001,0.0394287109375,0.0394287109375
195.16,0.0892333984375,0.0892333984375
195.18,-0.001708984375,-0.001708984375
195.20000000000002,0.04541015625,0.04541015625
195.22,0.0843505859375,0.0843505859375
195.24,0.081298828125,0.081298828125
195.26000000000002,0.0584716796875,0.0584716796875
195.28,0.0037841796875,0.0037841796875
195.3,-0.0111083984375,-0.0111083984375
195.32,-0.0555419921875,
195.34,0.028564453125,0.028564453125
195.36,0.0792236328125,0.0792236328125
195.38,0.0787353515625,0.0787353515625
195.4,0.08203125,0.08203125
195.42000000000002,0.03173828125,0.03173828125
195.44,-0.0621337890625,
195.46,0.0177001953125,0.0177001953125
195.48000000000002,0.043701171875,0.043701171875
195.5,-0.02490234375,-0.02490234375
195.52,-0.027587890625,-0.027587890625
195.54,0.0377197265625,0.0377197265625
195.56,-0.0079345703125,-0.0079345703125
195.58,0.0350341796875,0.0350341796875
195.6,0.02880859375,0.02880859375
195.62,-0.01171875,-0.01171875
195.64000000000001,-0.00439453125,-0.00439453125
195.66,-0.0272216796875,
195.68,0.0263671875,0.0263671875
195.70000000000002,0.072021484375,0.072021484375
195.72,-0.041748046875,
195.74,0.010986328125,0.010986328125
195.76000000000002,-0.093505859375,
195.78,-0.0040283203125,-0.0040283203125
195.8,-0.0335693359375,
195.82,-0.064697265625,
195.84,0.1036376953125,
195.86,0.03076171875,0.03076171875
195.88,0.1126708984375,
195.9,-0.0018310546875,-0.0018310546875
195.92000000000002,0.0213623046875,0.0213623046875
195.94,0.0140380859375,0.0140380859375
195.96,0.03466796875,0.03466796875
195.98000000000002,0.0118408203125,0.0118408203125
196.0,0.0439453125,0.0439453125
196.02,-0.054443359375,
196.04,-0.0408935546875,
196.06,-0.00244140625,-0.00244140625
196.08,0.027587890625,0.027587890625
196.1,0.10400390625,
196.12,0.0216064453125,0.0216064453125
196.14000000000001,0.0743408203125,
196.16,-0.0311279296875,-0.0311279296875
196.18,0.10205078125,
196.20000000000002,0.0496826171875,0.0496826171875
196.22,0.0478515625,0.0478515625
196.24,0.148193359375,
196.26000000000002,0.0069580078125,0.0069580078125
196.28,0.00341796875,0.00341796875
196.3,0.0029296875,0.0029296875
196.32,0.0001220703125,0.0001220703125
196.34,0.0284423828125,0.0284423828125
196.36,0.00927734375,0.00927734375
196.38,0.0582275390625,
196.4,0.0650634765625,
196.42000000000002,-0.0177001953125,-0.0177001953125
196.44,-0.018310546875,-0.018310546875
196.46,0.0308837890625,0.0308837890625
196.48000000000002,0.033203125,0.033203125
196.5,-0.0093994140625,-0.0093994140625
196.52,0.07177734375,
196.54000000000002,0.009765625,0.009765625
196.56,0.013916015625,0.013916015625
196.58,0.0347900390625,0.0347900390625
196.6,0.056640625,
196.62,0.0238037109375,0.0238037109375
196.64000000000001,-0.089599609375,
196.66,-0.0550537109375,
196.68,-0.016845703125,-0.016845703125
196.70000000000002,0.04248046875,0.04248046875
196.72,0.113037109375,
196.74,-0.0323486328125,
196.76,-0.0294189453125,
196.78,-0.018310546875,-0.018310546875
196.8,0.0059814453125,0.0059814453125
196.82,-0.035400390625,
196.84,-0.007080078125,-0.007080078125
196.86,0.0643310546875,
196.88,0.023681640625,0.023681640625
196.9,-0.0072021484375,-0.0072021484375
196.92000000000002,0.03759765625,0.03759765625
196.94,-0.0384521484375,
196.96,-0.0064697265625,-0.0064697265625
196.98000000000002,0.0247802734375,0.0247802734375
197.0,0.007080078125,0.007080078125
197.02,0.0350341796875,0.0350341796875
197.04000000000002,0.0689697265625,0.0689697265625
197.06,-0.0828857421875,
197.08,-0.0238037109375,-0.0238037109375
197.1,-0.0606689453125,
197.12,0.002685546875,0.002685546875
197.14000000000001,-0.005126953125,-0.005126953125
197.16,0.056884765625,0.056884765625
197.18,0.1446533203125,
197.20000000000002,0.0374755859375,0.0374755859375
197.22,0.006103515625,0.006103515625
197.24,-0.02294921875,-0.02294921875
197.26,-0.0360107421875,
197.28,0.007568359375,0.007568359375
197.3,0.022705078125,0.022705078125
197.32,0.0775146484375,0.0775146484375
197.34,0.0302734375,0.0302734375
197.36,0.0299072265625,0.0299072265625
197.38,-0.0037841796875,-0.0037841796875
197.4,0.0115966796875,0.0115966796875
197.42000000000002,0.0811767578125,0.0811767578125
197.44,-0.0159912109375,-0.0159912109375
197.46,0.0557861328125,0.0557861328125
197.48000000000002,0.105712890625,0.105712890625
197.5,0.030029296875,0.030029296875
197.52,0.086181640625,0.086181640625
197.54000000000002,0.0838623046875,0.0838623046875
197.56,0.0965576171875,0.0965576171875
197.58,0.025634765625,0.025634765625
197.6,0.0799560546875,0.0799560546875
197.62,0.1142578125,0.1142578125
197.64000000000001,0.11669921875,0.11669921875
197.66,0.0623779296875,0.0623779296875
197.68,-0.0274658203125,
197.70000000000002,0.0513916015625,0.0513916015625
197.72,0.0242919921875,0.0242919921875
197.74,0.0146484375,
197.76,0.09423828125,0.09423828125
197.78,0.0830078125,0.0830078125
197.8,0.1064453125,0.1064453125
197.82,0.0234375,0.0234375
197.84,0.0567626953125,0.0567626953125
197.86,0.16162109375,
197.88,0.0928955078125,0.0928955078125
197.9,0.0877685546875,0.0877685546875
197.92000000000002,0.1033935546875,0.1033935546875
197.94,0.071533203125,0.071533203125
197.96,0.1512451171875,
197.98000000000002,0.1019287109375,0.1019287109375
198.0,0.08349609375,0.08349609375
198.02,0.104736328125,0.104736328125
198.04000000000002,0.1839599609375,
198.06,0.0799560546875,0.0799560546875
198.08,0.215087890625,
198.1,0.15283203125,0.15283203125
198.12,0.0986328125,0.0986328125
198.14000000000001,0.1973876953125,
198.16,0.1063232421875,0.1063232421875
198.18,0.172607421875,
198.20000000000002,0.130615234375,0.130615234375
198.22,0.139404296875,0.139404296875
198.24,0.173095703125,
198.26,0.065673828125,0.065673828125
198.28,0.119140625,0.119140625
198.3,0.1033935546875,0.1033935546875
198.32,0.102294921875,0.102294921875
198.34,0.1973876953125,
198.36,0.1492919921875,0.1492919921875
198.38,0.0672607421875,0.0672607421875
198.4,0.080078125,0.080078125
198.42000000000002,0.067626953125,0.067626953125
198.44,0.130859375,0.130859375
198.46,0.208984375,
198.48000000000002,0.1884765625,
198.5,0.0950927734375,0.0950927734375
198.52,0.1826171875,
198.54000000000002,0.012451171875,
198.56,0.1187744140625,0.1187744140625
198.58,0.144287109375,0.144287109375
198.6,0.189697265625,
198.62,0.1331787109375,0.1331787109375
198.64000000000001,0.10986328125,0.10986328125
198.66,0.1285400390625,0.1285400390625
198.68,0.0389404296875,
198.70000000000002,0.07568359375,
198.72,0.0726318359375,
198.74,0.19091796875,
198.76,0.16162109375,0.16162109375
198.78,0.2037353515625,
198.8,0.123291015625,0.123291015625
198.82,0.115234375,0.115234375
198.84,0.1427001953125,0.1427001953125
198.86,0.118408203125,0.118408203125
198.88,0.181884765625,
198.9,0.129150390625,0.129150390625
198.92000000000002,0.10009765625,0.10009765625
198.94,0.1231689453125,0.1231689453125
198.96,0.137939453125,0.137939453125
198.98000000000002,0.068603515625,
199.0,0.1961669921875,
199.02,0.0953369140625,0.0953369140625
199.04000000000002,0.086669921875,0.086669921875
199.06,0.210205078125,
199.08,0.129638671875,0.129638671875
199.1,0.2081298828125,
199.12,0.15869140625,0.15869140625
199.14000000000001,0.1007080078125,0.1007080078125
199.16,0.18408203125,
199.18,0.1434326171875,0.1434326171875
199.20000000000002,0.1771240234375,
199.22,0.1590576171875,0.1590576171875
199.24,0.169189453125,0.169189453125
199.26,0.100830078125,0.100830078125
199.28,0.086669921875,0.086669921875
199.3,0.0223388671875,
199.32,0.130126953125,0.130126953125
199.34,0.0760498046875,0.0760498046875
199.36,0.1026611328125,0.1026611328125
199.38,0.119873046875,0.119873046875
199.4,0.1043701171875,0.1043701171875
199.42000000000002,0.1077880859375,0.1077880859375
199.44,0.0537109375,
199.46,0.13427734375,0.13427734375
199.48000000000002,0.09912109375,0.09912109375
199.5,0.1669921875,0.1669921875
199.52,0.1611328125,0.1611328125
199.54000000000002,0.1904296875,
199.56,0.1556396484375,0.1556396484375
199.58,0.0550537109375,
199.6,0.1083984375,0.1083984375
199.62,-0.0123291015625,
199.64000000000001,0.0552978515625,
199.66,0.1563720703125,0.1563720703125
199.68,0.0772705078125,0.0772705078125
199.70000000000002,0.1258544921875,0.1258544921875
199.72,0.0570068359375,
199.74,0.002197265625,
199.76,0.0740966796875,0.0740966796875
199.78,0.1591796875,0.1591796875
199.8,0.14208984375,0.14208984375
199.82,0.1171875,0.1171875
199.84,0.19091796875,
199.86,0.1314697265625,0.1314697265625
199.88,0.130615234375,0.130615234375
199.9,0.1202392578125,0.1202392578125
199.92000000000002,0.1031494140625,0.1031494140625
199.94,0.1942138671875,
199.96,0.1590576171875,0.1590576171875
199.98000000000002,0.1221923828125,0.1221923828125
200.0,0.09375,0.09375
200.02,0.0845947265625,0.0845947265625
200.04000000000002,0.0567626953125,
200.06,0.0474853515625,
200.08,0.0899658203125,0.0899658203125
200.1,0.0804443359375,0.0804443359375
200.12,0.1341552734375,0.1341552734375
200.14000000000001,0.1800537109375,0.1800537109375
200.16,0.114013671875,0.114013671875
200.18,0.0694580078125,0.0694580078125
200.20000000000002,0.15576171875,0.15576171875
200.22,0.1121826171875,0.1121826171875
200.24,0.123779296875,0.123779296875
200.26,0.18603515625,
200.28,0.2423095703125,
200.3,0.1890869140625,
200.32,0.1876220703125,
200.34,0.0894775390625,0.0894775390625
200.36,0.1365966796875,0.1365966796875
200.38,0.0748291015625,0.0748291015625
200.4,0.064697265625,0.064697265625
200.42000000000002,0.21044921875,
200.44,0.2608642578125,
200.46,0.065673828125,0.065673828125
200.48000000000002,0.1524658203125,0.1524658203125
200.5,0.037109375,
200.52,0.1453857421875,0.1453857421875
200.54000000000002,0.1600341796875,0.1600341796875
200.56,0.1573486328125,0.1573486328125
200.58,0.1319580078125,0.1319580078125
200.6,0.067138671875,0.067138671875
200.62,0.080322265625,0.080322265625
200.64000000000001,0.0184326171875,
200.66,0.154296875,0.154296875
200.68,0.1192626953125,0.1192626953125
200.70000000000002,0.1944580078125,
200.72,0.1041259765625,0.1041259765625
200.74,0.1646728515625,0.1646728515625
200.76,0.0159912109375,
200.78,0.0609130859375,0.0609130859375
200.8,0.1124267578125,0.1124267578125
200.82,0.1689453125,0.1689453125
200.84,0.1925048828125,0.1925048828125
200.86,0.1944580078125,
200.88,0.114990234375,0.114990234375
200.9,0.125,0.125
200.92000000000002,-0.043212890625,
200.94,0.19677734375,
200.96,0.0565185546875,0.0565185546875
200.98000000000002,0.16943359375,0.16943359375
201.0,0.1048583984375,0.1048583984375
201.02,0.0899658203125,0.0899658203125
201.04000000000002,0.001220703125,
201.06,0.0504150390625,0.0504150390625
201.08,0.075439453125,0.075439453125
201.1,0.2242431640625,
201.12,0.2005615234375,
201.14000000000001,0.1153564453125,0.1153564453125
201.16,0.1527099609375,0.1527099609375
201.18,0.0308837890625,0.0308837890625
201.20000000000002,0.0472412109375,0.0472412109375
201.22,0.1934814453125,
201.24,0.1497802734375,0.1497802734375
201.26,0.0870361328125,0.0870361328125
201.28,0.1307373046875,0.1307373046875
201.3,0.003662109375,0.003662109375
201.32,0.047607421875,0.047607421875
201.34,0.0782470703125,0.0782470703125
201.36,0.0753173828125,0.0753173828125
201.38,0.1519775390625,0.1519775390625
201.4,0.1680908203125,
201.42000000000002,0.166015625,
201.44,0.15771484375,
201.46,0.18310546875,
201.48000000000002,0.0635986328125,0.0635986328125
201.5,0.0054931640625,
201.52,0.0496826171875,0.0496826171875
201.54000000000002,0.044921875,0.044921875
201.56,0.115234375,0.115234375
201.58,0.0374755859375,0.0374755859375
201.6,0.013427734375,0.013427734375
201.62,0.0506591796875,0.0506591796875
201.64000000000001,0.0439453125,0.0439453125
201.66,0.1771240234375,
201.68,0.1165771484375,
201.70000000000002,0.1126708984375,0.1126708984375
201.72,0.0169677734375,
201.74,0.0771484375,0.0771484375
201.76,0.009521484375,
201.78,0.011474609375,
201.8,0.1629638671875,
201.82,0.0325927734375,0.0325927734375
201.84,0.015869140625,
201.86,0.0181884765625,
201.88,-0.010009765625,
201.9,0.025146484375,0.025146484375
201.92000000000002,0.0264892578125,0.0264892578125
201.94,0.117431640625,
201.96,0.0865478515625,0.0865478515625
201.98000000000002,0.06494140625,0.06494140625
202.0,0.020751953125,
202.02,0.00244140625,
202.04000000000002,0.0081787109375,
202.06,0.06494140625,0.06494140625
202.08,0.0576171875,0.0576171875
202.1,0.0966796875,
202.12,0.0655517578125,0.0655517578125
202.14000000000001,0.0775146484375,0.0775146484375
202.16,0.07373046875,0.07373046875
202.18,0.0469970703125,0.0469970703125
202.20000000000002,0.0654296875,0.0654296875
202.22,0.06298828125,0.06298828125
202.24,0.0587158203125,0.0587158203125
202.26,0.0919189453125,
202.28,0.0614013671875,0.0614013671875
202.3,0.0364990234375,0.0364990234375
202.32,0.0745849609375,0.0745849609375
202.34,0.0565185546875,0.0565185546875
202.36,0.0863037109375,0.0863037109375
202.38,0.0531005859375,0.0531005859375
202.4,0.089111328125,
202.42000000000002,0.056640625,0.056640625
202.44,0.055419921875,0.055419921875
202.46,0.0640869140625,0.0640869140625
202.48000000000002,0.0421142578125,0.0421142578125
202.5,0.038330078125,0.038330078125
202.52,0.059326171875,0.059326171875
202.54000000000002,0.0316162109375,0.0316162109375
202.56,0.0550537109375,0.0550537109375
202.58,0.083740234375,
202.6,0.0762939453125,0.0762939453125
202.62,0.041748046875,0.041748046875
202.64000000000001,0.0509033203125,0.0509033203125
202.66,0.02880859375,0.02880859375
202.68,0.0289306640625,0.0289306640625
202.70000000000002,0.0455322265625,0.0455322265625
202.72,0.0750732421875,0.0750732421875
202.74,0.071533203125,0.071533203125
202.76,0.0662841796875,0.0662841796875
202.78,0.029541015625,0.029541015625
202.8,0.018310546875,
202.82,0.037353515625,0.037353515625
202.84,0.0347900390625,0.0347900390625
202.86,0.0694580078125,0.0694580078125
202.88,0.085205078125,
202.9,0.0347900390625,0.0347900390625
202.92000000000002,0.033935546875,0.033935546875
202.94,0.029296875,0.029296875
202.96,0.021484375,0.021484375
202.98000000000002,0.018310546875,
203.0,0.0220947265625,0.0220947265625
203.02,0.026611328125,0.026611328125
203.04000000000002,-0.004150390625,
203.06,0.026123046875,0.026123046875
203.08,0.0322265625,0.0322265625
203.1,-0.0108642578125,
203.12,0.010498046875,
203.14000000000001,0.04150390625,0.04150390625
203.16,0.0653076171875,0.0653076171875
203.18,0.0389404296875,0.0389404296875
203.20000000000002,0.0140380859375,
203.22,0.0626220703125,0.0626220703125
203.24,0.046630859375,0.046630859375
203.26,0.1082763671875,
203.28,0.0712890625,0.0712890625
203.3,0.05810546875,0.05810546875
203.32,0.045654296875,0.045654296875
203.34,0.024169921875,0.024169921875
203.36,0.018798828125,
203.38,0.0372314453125,0.0372314453125
203.4,0.0555419921875,0.0555419921875
203.42000000000002,0.05322265625,0.05322265625
203.44,0.061767578125,0.061767578125
203.46,0.0240478515625,0.0240478515625
203.48000000000002,0.0316162109375,0.0316162109375
203.5,0.0810546875,
203.52,0.059326171875,0.059326171875
203.54000000000002,0.0869140625,
203.56,0.0872802734375,
203.58,0.040283203125,0.040283203125
203.6,0.032958984375,0.032958984375
203.62,0.0712890625,
203.64000000000001,0.0489501953125,0.0489501953125
203.66,0.0469970703125,0.0469970703125
203.68,0.0716552734375,0.0716552734375
203.70000000000002,0.0621337890625,0.0621337890625
203.72,0.0772705078125,
203.74,0.075439453125,0.075439453125
203.76,0.032470703125,0.032470703125
203.78,0.0521240234375,0.0521240234375
203.8,0.059326171875,0.059326171875
203.82,0.0526123046875,0.0526123046875
203.84,0.0653076171875,0.0653076171875
203.86,0.0465087890625,0.0465087890625
203.88,0.0618896484375,0.0618896484375
203.9,0.0899658203125,
203.92000000000002,0.0738525390625,0.0738525390625
203.94,0.0406494140625,0.0406494140625
203.96,0.0240478515625,
203.98000000000002,0.0692138671875,0.0692138671875
204.0,0.058837890625,0.058837890625
204.02,0.0362548828125,
204.04000000000002,0.0374755859375,
204.06,0.0340576171875,
204.08,0.0311279296875,
204.1,0.103759765625,
204.12,0.0430908203125,0.0430908203125
204.14000000000001,0.0799560546875,
204.16,0.0865478515625,
204.18,0.033447265625,
204.20000000000002,0.0595703125,0.0595703125
204.22,0.083984375,
204.24,0.0440673828125,0.0440673828125
204.26,0.039794921875,
204.28,0.057373046875,0.057373046875
204.3,0.0638427734375,0.0638427734375
204.32,0.0638427734375,0.0638427734375
204.34,0.0679931640625,0.0679931640625
204.36,0.05078125,0.05078125
204.38,0.059814453125,0.059814453125
204.4,0.0831298828125,
204.42000000000002,0.0614013671875,0.0614013671875
204.44,0.0380859375,
204.46,0.05810546875,0.05810546875
204.48000000000002,0.0498046875,0.0498046875
204.5,0.06689453125,0.06689453125
204.52,0.0618896484375,0.0618896484375
204.54000000000002,0.0679931640625,0.0679931640625
204.56,0.0704345703125,0.0704345703125
204.58,0.060791015625,0.060791015625
204.6,0.0267333984375,
204.62,0.06982421875,0.06982421875
204.64000000000001,0.0582275390625,0.0582275390625
204.66,0.05908203125,0.05908203125
204.68,0.069580078125,0.069580078125
204.70000000000002,0.0498046875,0.0498046875
204.72,0.0384521484375,0.0384521484375
204.74,0.0565185546875,0.0565185546875
204.76,0.068603515625,0.068603515625
204.78,0.08544921875,
204.8,0.0517578125,0.0517578125
204.82,0.0430908203125,0.0430908203125
204.84,0.048828125,0.048828125
204.86,0.071533203125,0.071533203125
204.88,0.105712890625,
204.9,0.0537109375,0.0537109375
204.92000000000002,0.0382080078125,
204.94,0.0660400390625,0.0660400390625
204.96,0.066650390625,0.066650390625
204.98000000000002,0.03955078125,
205.0,0.0179443359375,
205.02,0.0780029296875,
205.04000000000002,0.0711669921875,0.0711669921875
205.06,0.0374755859375,
205.08,0.029296875,
205.1,0.087646484375,
205.12,0.0318603515625,
205.14000000000001,0.07421875,0.07421875
205.16,0.0816650390625,
205.18,0.0235595703125,
205.20000000000002,0.0506591796875,0.0506591796875
205.22,0.1171875,
205.24,0.0633544921875,0.0633544921875
205.26,0.0750732421875,0.0750732421875
205.28,0.0489501953125,0.0489501953125
205.3,0.0677490234375,0.0677490234375
205.32,0.0283203125,
205.34,0.0390625,0.0390625
205.36,0.04443359375,0.04443359375
205.38,0.062744140625,0.062744140625
205.4,0.042724609375,0.042724609375
205.42000000000002,0.029541015625,
205.44,0.0535888671875,0.0535888671875
205.46,0.0711669921875,0.0711669921875
205.48000000000002,0.07763671875,0.07763671875
205.5,0.0677490234375,0.0677490234375
205.52,0.074462890625,0.074462890625
205.54000000000002,0.032958984375,
205.56,0.0635986328125,0.0635986328125
205.58,0.0443115234375,0.0443115234375
205.6,0.056396484375,0.056396484375
205.62,0.0701904296875,0.0701904296875
205.64000000000001,0.0802001953125,
205.66,0.050537109375,0.050537109375
205.68,0.018798828125,
205.70000000000002,0.0751953125,0.0751953125
205.72,0.0699462890625,0.0699462890625
205.74,0.0181884765625,
205.76,0.0291748046875,
205.78,0.0498046875,0.0498046875
205.8,0.1146240234375,
205.82,0.0177001953125,
205.84,0.0299072265625,
205.86,0.0599365234375,0.0599365234375
205.88,0.099609375,
205.9,0.057861328125,0.057861328125
205.92000000000002,0.040771484375,0.040771484375
205.94,0.0682373046875,0.0682373046875
205.96,0.0421142578125,0.0421142578125
205.98000000000002,0.0782470703125,
206.0,0.0989990234375,
206.02,0.0660400390625,0.0660400390625
206.04000000000002,0.0406494140625,0.0406494140625
206.06,0.0614013671875,0.0614013671875
206.08,0.0675048828125,0.0675048828125
206.1,0.086181640625,
206.12,0.0618896484375,0.0618896484375
206.14000000000001,0.0430908203125,0.0430908203125
206.16,0.0540771484375,0.0540771484375
206.18,0.0557861328125,0.0557861328125
206.20000000000002,0.059326171875,0.059326171875
206.22,0.0458984375,0.0458984375
206.24,0.0478515625,0.0478515625
206.26,0.038330078125,0.038330078125
206.28,0.041748046875,0.041748046875
206.3,0.0489501953125,0.0489501953125
206.32,0.05078125,0.05078125
206.34,0.0831298828125,
206.36,0.086669921875,
206.38,0.0404052734375,0.0404052734375
206.4,0.03271484375,
206.42000000000002,0.0487060546875,0.0487060546875
206.44,0.07470703125,0.07470703125
206.46,0.0255126953125,
206.48000000000002,0.0150146484375,
206.5,0.096923828125,
206.52,0.0706787109375,0.0706787109375
206.54000000000002,0.02734375,
206.56,0.036865234375,0.036865234375
206.58,0.0701904296875,0.0701904296875
206.6,0.1094970703125,
206.62,0.0245361328125,
206.64000000000001,0.049072265625,0.049072265625
206.66,0.05712890625,0.05712890625
206.68,0.0592041015625,0.0592041015625
206.70000000000002,0.065185546875,0.065185546875
206.72,0.0615234375,0.0615234375
206.74,0.0467529296875,0.0467529296875
206.76,0.08056640625,
206.78,0.045654296875,0.045654296875
206.8,0.03857421875,0.03857421875
206.82,0.0550537109375,0.0550537109375
206.84,0.0601806640625,0.0601806640625
206.86,0.0467529296875,0.0467529296875
206.88,0.0693359375,0.0693359375
206.9,0.0274658203125,
206.92000000000002,0.0594482421875,0.0594482421875
206.94,0.07177734375,0.07177734375
206.96,0.0899658203125,
206.98000000000002,0.0396728515625,0.0396728515625
207.0,0.064453125,0.064453125
207.02,0.1112060546875,
207.04000000000002,0.0391845703125,0.0391845703125
207.06,0.0296630859375,
207.08,0.0274658203125,
207.1,0.09228515625,
207.12,0.0869140625,
207.14000000000001,0.0301513671875,
207.16,0.028564453125,
207.18,0.0584716796875,0.0584716796875
207.20000000000002,0.0675048828125,0.0675048828125
207.22,0.0716552734375,0.0716552734375
207.24,0.0523681640625,0.0523681640625
207.26,0.0482177734375,0.0482177734375
207.28,0.0697021484375,0.0697021484375
207.3,0.030029296875,
207.32,0.0533447265625,0.0533447265625
207.34,0.0731201171875,0.0731201171875
207.36,0.0657958984375,0.0657958984375
207.38,0.0863037109375,
207.4,0.0411376953125,0.0411376953125
207.42000000000002,0.0386962890625,0.0386962890625
207.44,0.05712890625,0.05712890625
207.46,0.044189453125,0.044189453125
207.48000000000002,0.0574951171875,0.0574951171875
207.5,0.1029052734375,
207.52,0.0751953125,0.0751953125
207.54000000000002,0.04052734375,0.04052734375
207.56,0.0318603515625,
207.58,0.092529296875,
207.6,0.0531005859375,0.0531005859375
207.62,0.027099609375,
207.64000000000001,0.038330078125,0.038330078125
207.66,0.0782470703125,0.0782470703125
207.68,0.0189208984375,
207.70000000000002,0.0684814453125,0.0684814453125
207.72,0.0792236328125,0.0792236328125
207.74,0.046875,0.046875
207.76,0.0238037109375,
207.78,0.061279296875,0.061279296875
207.8,0.0904541015625,
207.82,0.02587890625,
207.84,0.03515625,0.03515625
207.86,0.0452880859375,0.0452880859375
207.88,0.0687255859375,0.0687255859375
207.9,0.083984375,
207.92000000000002,0.0797119140625,
207.94,0.04638671875,0.04638671875
207.96,0.054443359375,0.054443359375
207.98000000000002,0.0352783203125,0.0352783203125
208.0,0.0478515625,0.0478515625
208.02,0.041015625,0.041015625
208.04000000000002,0.0689697265625,0.0689697265625
208.06,0.0625,0.0625
208.08,0.0301513671875,
208.1,0.0523681640625,0.0523681640625
208.12,0.06298828125,0.06298828125
208.14000000000001,0.0609130859375,0.0609130859375
208.16,0.08349609375,
208.18,0.0667724609375,0.0667724609375
208.20000000000002,0.0399169921875,0.0399169921875
208.22,0.0760498046875,
208.24,0.0609130859375,0.0609130859375
208.26,0.07763671875,
208.28,0.0853271484375,
208.3,0.0284423828125,0.0284423828125
208.32,0.0404052734375,0.0404052734375
208.34,0.0784912109375,
208.36,0.0916748046875,
208.38,0.04931640625,0.04931640625
208.4,0.0340576171875,0.0340576171875
208.42000000000002,0.031982421875,0.031982421875
208.44,0.06005859375,0.06005859375
208.46,0.0633544921875,0.0633544921875
208.48000000000002,0.0943603515625,
208.5,0.049560546875,0.049560546875
208.52,0.0458984375,0.0458984375
208.54000000000002,0.04150390625,0.04150390625
208.56,0.0247802734375,
208.58,0.0782470703125,
208.6,0.078857421875,
208.62,0.0506591796875,0.0506591796875
208.64000000000001,0.0316162109375,
208.66,0.0391845703125,0.0391845703125
208.68,0.0643310546875,0.0643310546875
208.70000000000002,0.09765625,
208.72,0.0423583984375,0.0423583984375
208.74,0.0384521484375,0.0384521484375
208.76,0.040283203125,0.040283203125
208.78,0.082275390625,
208.8,0.051025390625,0.051025390625
208.82,0.034912109375,0.034912109375
208.84,0.0369873046875,0.0369873046875
208.86,0.080322265625,
208.88,0.09716796875,
208.9,0.038330078125,0.038330078125
208.92000000000002,0.0413818359375,0.0413818359375
208.94,0.060791015625,0.060791015625
208.96,0.0806884765625,
208.98000000000002,0.0809326171875,
209.0,0.0279541015625,0.0279541015625
209.02,0.05029296875,0.05029296875
209.04000000000002,0.0458984375,0.0458984375
209.06,0.050537109375,0.050537109375
209.08,0.0504150390625,0.0504150390625
209.1,0.0322265625,0.0322265625
209.12,0.044189453125,0.044189453125
209.14000000000001,0.049072265625,0.049072265625
209.16,0.0465087890625,0.0465087890625
209.18,0.06640625,0.06640625
209.20000000000002,0.0780029296875,
209.22,0.0396728515625,0.0396728515625
209.24,0.0487060546875,0.0487060546875
209.26,0.0625,0.0625
209.28,0.0496826171875,0.0496826171875
209.3,0.0650634765625,0.0650634765625
209.32,0.0740966796875,0.0740966796875
209.34,0.060302734375,0.060302734375
209.36,0.0592041015625,0.0592041015625
209.38,0.0391845703125,0.0391845703125
209.4,0.0338134765625,0.0338134765625
209.42000000000002,0.009765625,
209.44,0.0845947265625,0.0845947265625
209.46,0.05126953125,0.05126953125
209.48000000000002,0.044921875,0.044921875
209.5,0.0982666015625,0.0982666015625
209.52,0.0438232421875,0.0438232421875
209.54000000000002,0.0274658203125,0.0274658203125
209.56,0.028564453125,0.028564453125
209.58,0.0113525390625,
209.6,0.0301513671875,0.0301513671875
209.62,0.1258544921875,0.1258544921875
209.64000000000001,0.1312255859375,0.1312255859375
209.66,0.1021728515625,0.1021728515625
209.68,0.072509765625,0.072509765625
209.70000000000002,0.031005859375,0.031005859375
209.72,0.061279296875,0.061279296875
209.74,0.1077880859375,0.1077880859375
209.76,0.2230224609375,
209.78,0.1534423828125,0.1534423828125
209.8,0.1239013671875,0.1239013671875
209.82,0.0660400390625,0.0660400390625
209.84,0.065185546875,0.065185546875
209.86,0.1103515625,0.1103515625
209.88,0.1517333984375,0.1517333984375
209.9,0.21044921875,0.21044921875
209.92000000000002,0.1710205078125,0.1710205078125
209.94,0.172607421875,0.172607421875
209.96,0.16162109375,0.16162109375
209.98000000000002,0.1776123046875,0.1776123046875
210.0,0.1868896484375,0.1868896484375
210.02,0.2398681640625,0.2398681640625
210.04000000000002,0.19482421875,0.19482421875
210.06,0.1494140625,0.1494140625
210.08,0.1866455078125,0.1866455078125
210.1,0.3258056640625,
210.12,0.4283447265625,
210.14000000000001,0.3978271484375,
210.16,0.266357421875,0.266357421875
210.18,0.005859375,
210.20000000000002,0.2115478515625,0.2115478515625
210.22,0.479248046875,
210.24,0.251220703125,0.251220703125
210.26,0.2266845703125,0.2266845703125
210.28,0.254638671875,0.254638671875
210.3,0.1455078125,0.1455078125
210.32,0.0772705078125,0.0772705078125
210.34,0.36962890625,0.36962890625
210.36,0.176513671875,0.176513671875
210.38,0.0946044921875,0.0946044921875
210.4,0.1453857421875,0.1453857421875
210.42000000000002,0.3046875,0.3046875
210.44,0.3243408203125,0.3243408203125
210.46,0.397216796875,0.397216796875
210.48000000000002,0.25048828125,0.25048828125
210.5,0.107421875,0.107421875
210.52,0.102294921875,0.102294921875
210.54000000000002,0.4180908203125,0.4180908203125
210.56,0.4244384765625,0.4244384765625
210.58,0.45361328125,0.45361328125
210.6,0.3751220703125,0.3751220703125
210.62,0.3885498046875,0.3885498046875
210.64000000000001,0.3468017578125,0.3468017578125
210.66,0.611572265625,
210.68,0.446044921875,0.446044921875
210.70000000000002,0.0830078125,
210.72,0.5079345703125,0.5079345703125
210.74,0.9444580078125,
210.76,0.964599609375,
210.78,0.4141845703125,0.4141845703125
210.8,0.128173828125,
210.82,0.42431640625,0.42431640625
210.84,0.102783203125,
210.86,0.2430419921875,0.2430419921875
210.88,0.3314208984375,0.3314208984375
210.9,0.9107666015625,
210.92000000000002,0.7781982421875,
210.94,0.6851806640625,
210.96,0.0836181640625,
210.98000000000002,0.8148193359375,
211.0,0.535400390625,0.535400390625
211.02,0.5181884765625,0.5181884765625
211.04000000000002,0.391357421875,0.391357421875
211.06,0.124755859375,
211.08,0.364013671875,0.364013671875
211.1,1.4947509765625,
211.12,1.86279296875,
211.14000000000001,1.45068359375,
211.16,0.776123046875,
211.18,-0.40869140625,
211.20000000000002,-0.740966796875,
211.22,0.6737060546875,0.6737060546875
211.24,0.7945556640625,
211.26,0.955322265625,
211.28,0.967041015625,
211.3,0.15771484375,
211.32,0.2772216796875,0.2772216796875
211.34,0.022216796875,
211.36,0.351318359375,0.351318359375
211.38,0.2991943359375,0.2991943359375
211.4,0.6312255859375,0.6312255859375
211.42000000000002,0.4381103515625,0.4381103515625
211.44,0.3515625,0.3515625
211.46,0.4664306640625,0.4664306640625
211.48000000000002,0.4739990234375,0.4739990234375
211.5,0.5228271484375,0.5228271484375
211.52,0.20458984375,
211.54000000000002,0.4544677734375,0.4544677734375
211.56,0.361572265625,0.361572265625
211.58,0.2442626953125,
211.6,0.3792724609375,0.3792724609375
211.62,0.2373046875,
211.64000000000001,0.276123046875,0.276123046875
211.66,0.25830078125,
211.68,0.5206298828125,0.5206298828125
211.70000000000002,0.3577880859375,0.3577880859375
211.72,0.41943359375,0.41943359375
211.74,0.723876953125,
211.76,0.5208740234375,0.5208740234375
211.78,0.50732421875,0.50732421875
211.8,0.4134521484375,0.4134521484375
211.82,0.6041259765625,0.6041259765625
211.84,0.550048828125,0.550048828125
211.86,0.558349609375,0.558349609375
211.88,0.6197509765625,
211.9,0.67529296875,
211.92000000000002,0.6029052734375,
211.94,0.6285400390625,
211.96,0.432373046875,0.432373046875
211.98000000000002,0.3544921875,0.3544921875
212.0,0.2537841796875,
212.02,0.8929443359375,
212.04000000000002,0.7564697265625,
212.06,0.4696044921875,0.4696044921875
212.08,0.268310546875,
212.1,0.2412109375,
212.12,0.4537353515625,0.4537353515625
212.14000000000001,0.6087646484375,
212.16,0.5250244140625,0.5250244140625
212.18,0.446044921875,0.446044921875
212.20000000000002,0.4598388671875,0.4598388671875
212.22,0.48681640625,0.48681640625
212.24,0.4901123046875,0.4901123046875
212.26,0.5269775390625,0.5269775390625
212.28,0.3856201171875,0.3856201171875
212.3,0.44580078125,0.44580078125
212.32,0.3343505859375,
212.34,0.422119140625,0.422119140625
212.36,0.48876953125,0.48876953125
212.38,0.5252685546875,0.5252685546875
212.4,0.4332275390625,0.4332275390625
212.42000000000002,0.4073486328125,0.4073486328125
212.44,0.4334716796875,0.4334716796875
212.46,0.5716552734375,0.5716552734375
212.48000000000002,0.365478515625,
212.5,0.381103515625,0.381103515625
212.52,0.4923095703125,0.4923095703125
212.54000000000002,0.2144775390625,
212.56,0.5145263671875,0.5145263671875
212.58,0.4266357421875,0.4266357421875
212.6,0.51318359375,0.51318359375
212.62,0.4332275390625,0.4332275390625
212.64000000000001,0.537109375,0.537109375
212.66,0.433349609375,0.433349609375
212.68,0.3089599609375,
212.70000000000002,0.345947265625,
212.72,0.416015625,0.416015625
212.74,0.3961181640625,0.3961181640625
212.76,0.2611083984375,
212.78,0.462890625,0.462890625
212.8,0.5006103515625,0.5006103515625
212.82,0.502685546875,0.502685546875
212.84,0.5355224609375,0.5355224609375
212.86,0.4625244140625,0.4625244140625
212.88,0.322021484375,
212.9,0.5169677734375,0.5169677734375
212.92000000000002,0.3956298828125,0.3956298828125
212.94,0.5889892578125,0.5889892578125
212.96,0.5103759765625,0.5103759765625
212.98000000000002,0.3876953125,0.3876953125
213.0,0.590087890625,0.590087890625
213.02,0.3878173828125,0.3878173828125
213.04000000000002,0.5377197265625,0.5377197265625
213.06,0.6846923828125,
213.08,0.5828857421875,0.5828857421875
213.1,0.6566162109375,
213.12,0.6356201171875,0.6356201171875
213.14000000000001,0.7869873046875,
213.16,0.8004150390625,
213.18,0.61669921875,0.61669921875
213.20000000000002,0.2109375,
213.22,0.8421630859375,
213.24,0.7774658203125,
213.26,0.3995361328125,0.3995361328125
213.28,0.3753662109375,0.3753662109375
213.3,0.4556884765625,0.4556884765625
213.32,0.641357421875,0.641357421875
213.34,0.45166015625,0.45166015625
213.36,0.6163330078125,0.6163330078125
213.38,0.5855712890625,0.5855712890625
213.4,0.426025390625,0.426025390625
213.42000000000002,0.5635986328125,0.5635986328125
213.44,0.4930419921875,0.4930419921875
213.46,0.6434326171875,0.6434326171875
213.48000000000002,0.58544921875,0.58544921875
213.5,0.3985595703125,
213.52,0.704345703125,
213.54000000000002,0.2645263671875,
213.56,0.4451904296875,0.4451904296875
213.58,0.7010498046875,0.7010498046875
213.6,0.62255859375,0.62255859375
213.62,0.109130859375,
213.64000000000001,0.251708984375,
213.66,0.333251953125,
213.68,0.3316650390625,
213.70000000000002,0.6207275390625,0.6207275390625
213.72,0.502685546875,0.502685546875
213.74,0.566162109375,0.566162109375
213.76,0.5799560546875,0.5799560546875
213.78,0.5762939453125,0.5762939453125
213.8,0.48291015625,0.48291015625
213.82,0.5150146484375,0.5150146484375
213.84,0.6336669921875,0.6336669921875
213.86,0.479248046875,0.479248046875
213.88,0.5782470703125,0.5782470703125
213.9,0.76611328125,0.76611328125
213.92000000000002,0.7113037109375,0.7113037109375
213.94,0.588623046875,0.588623046875
213.96,0.6558837890625,0.6558837890625
213.98000000000002,0.6461181640625,0.6461181640625
214.0,0.5068359375,0.5068359375
214.02,0.683349609375,0.683349609375
214.04000000000002,0.7054443359375,0.7054443359375
214.06,0.4246826171875,0.4246826171875
214.08,0.5118408203125,0.5118408203125
214.1,0.5821533203125,0.5821533203125
214.12,1.3857421875,
214.14000000000001,0.5213623046875,0.5213623046875
214.16,0.6121826171875,0.6121826171875
214.18,0.482177734375,0.482177734375
214.20000000000002,0.7518310546875,0.7518310546875
214.22,0.3895263671875,
214.24,0.7276611328125,0.7276611328125
214.26,1.2857666015625,
214.28,0.8597412109375,0.8597412109375
214.3,0.5675048828125,0.5675048828125
214.32,0.251220703125,
214.34,1.4193115234375,
214.36,0.966796875,
214.38,0.2877197265625,
214.4,-0.239013671875,
214.42000000000002,1.2125244140625,
214.44,1.2733154296875,
214.46,1.298095703125,
214.48000000000002,1.129638671875,
214.5,-0.200439453125,
214.52,-0.1234130859375,
214.54000000000002,0.438720703125,
214.56,0.5418701171875,0.5418701171875
214.58,1.37646484375,
214.6,1.1417236328125,
214.62,0.91943359375,0.91943359375
214.64000000000001,0.7886962890625,0.7886962890625
214.66,0.6876220703125,0.6876220703125
214.68,0.5787353515625,0.5787353515625
214.70000000000002,1.0576171875,1.0576171875
214.72,1.105712890625,
214.74,0.844482421875,0.844482421875
214.76,0.8377685546875,0.8377685546875
214.78,0.852294921875,0.852294921875
214.8,0.5545654296875,0.5545654296875
214.82,0.65087890625,0.65087890625
214.84,0.7733154296875,0.7733154296875
214.86,1.057373046875,1.057373046875
214.88,0.9437255859375,0.9437255859375
214.9,0.5689697265625,
214.92000000000002,0.82080078125,0.82080078125
214.94,0.9859619140625,0.9859619140625
214.96,1.2552490234375,
214.98000000000002,0.9737548828125,0.9737548828125
215.0,0.6041259765625,
215.02,0.807861328125,0.807861328125
215.04000000000002,0.802978515625,0.802978515625
215.06,0.970703125,0.970703125
215.08,0.84130859375,0.84130859375
215.1,0.6221923828125,
215.12,0.921142578125,0.921142578125
215.14000000000001,0.7332763671875,0.7332763671875
215.16,0.736328125,0.736328125
215.18,0.7818603515625,0.7818603515625
215.20000000000002,0.92041015625,0.92041015625
215.22,1.1131591796875,
215.24,1.00732421875,1.00732421875
215.26,1.204833984375,
215.28,0.9404296875,0.9404296875
215.3,0.228515625,
215.32,0.4896240234375,
215.34,0.932373046875,0.932373046875
215.36,0.93359375,0.93359375
215.38,0.6143798828125,
215.4,0.677490234375,
215.42000000000002,0.7760009765625,0.7760009765625
215.44,0.932373046875,0.932373046875
215.46,0.8695068359375,0.8695068359375
215.48000000000002,1.1156005859375,
215.5,0.9688720703125,0.9688720703125
215.52,0.8980712890625,0.8980712890625
215.54000000000002,0.871826171875,0.871826171875
215.56,0.9195556640625,0.9195556640625
215.58,0.8206787109375,0.8206787109375
215.6,0.6531982421875,
215.62,1.004150390625,1.004150390625
215.64000000000001,1.0921630859375,
215.66,0.9588623046875,0.9588623046875
215.68,0.95166015625,0.95166015625
215.70000000000002,0.7481689453125,0.7481689453125
215.72,0.7049560546875,
215.74,0.7921142578125,0.7921142578125
215.76,0.6741943359375,
215.78,0.887451171875,0.887451171875
215.8,0.9476318359375,0.9476318359375
215.82,0.6685791015625,
215.84,0.5185546875,
215.86,0.835205078125,0.835205078125
215.88,0.7205810546875,
215.9,0.6689453125,
215.92000000000002,0.990234375,0.990234375
215.94,1.0430908203125,1.0430908203125
215.96,1.067626953125,1.067626953125
215.98000000000002,0.8179931640625,0.8179931640625
216.0,0.919189453125,0.919189453125
216.02,0.9425048828125,0.9425048828125
216.04000000000002,0.9158935546875,0.9158935546875
216.06,1.082763671875,
216.08,0.7535400390625,0.7535400390625
216.1,0.714111328125,
216.12,0.688720703125,
216.14000000000001,0.8753662109375,0.8753662109375
216.16,0.722900390625,
216.18,0.73974609375,0.73974609375
216.20000000000002,1.18017578125,
216.22,0.9927978515625,0.9927978515625
216.24,0.934326171875,0.934326171875
216.26,0.970703125,0.970703125
216.28,1.11083984375,1.11083984375
216.3,0.73779296875,0.73779296875
216.32,0.9083251953125,0.9083251953125
216.34,1.385986328125,
216.36,0.950927734375,0.950927734375
216.38,0.9168701171875,0.9168701171875
216.4,0.6829833984375,0.6829833984375
216.42000000000002,1.0841064453125,1.0841064453125
216.44,0.9674072265625,0.9674072265625
216.46,0.9818115234375,0.9818115234375
216.48000000000002,0.9295654296875,0.9295654296875
216.5,0.829345703125,0.829345703125
216.52,0.888916015625,0.888916015625
216.54000000000002,0.6641845703125,
216.56,1.1455078125,1.1455078125
216.58,0.9942626953125,0.9942626953125
216.6,1.3455810546875,
216.62,0.9659423828125,0.9659423828125
216.64000000000001,1.1470947265625,1.1470947265625
216.66,1.07763671875,1.07763671875
216.68,0.7864990234375,0.7864990234375
216.70000000000002,0.935546875,0.935546875
216.72,0.871337890625,0.871337890625
216.74,0.9222412109375,0.9222412109375
216.76,1.2286376953125,1.2286376953125
216.78,1.6953125,
216.8,1.4500732421875,
216.82,0.6695556640625,
216.84,0.6015625,
216.86,0.572265625,
216.88,0.2532958984375,
216.9,0.9447021484375,0.9447021484375
216.92000000000002,0.9757080078125,0.9757080078125
216.94,0.291748046875,
216.96,1.9859619140625,
216.98000000000002,1.7337646484375,
217.0,1.5404052734375,
217.02,0.9244384765625,0.9244384765625
217.04000000000002,0.572021484375,
217.06,0.587646484375,
217.08,1.2957763671875,
217.1,1.3045654296875,
217.12,1.1846923828125,1.1846923828125
217.14000000000001,1.6429443359375,
217.16,1.9364013671875,
217.18,0.9930419921875,0.9930419921875
217.20000000000002,-0.16357421875,
217.22,0.30517578125,
217.24,0.853759765625,0.853759765625
217.26,1.1680908203125,1.1680908203125
217.28,1.058837890625,1.058837890625
217.3,1.1214599609375,1.1214599609375
217.32,0.6800537109375,
217.34,0.7916259765625,0.7916259765625
217.36,0.985107421875,0.985107421875
217.38,0.94091796875,0.94091796875
217.4,1.21630859375,1.21630859375
217.42000000000002,1.0574951171875,1.0574951171875
217.44,1.2083740234375,1.2083740234375
217.46,1.483642578125,
217.48000000000002,1.281005859375,1.281005859375
217.5,1.0682373046875,1.0682373046875
217.52,1.041259765625,1.041259765625
217.54000000000002,0.44775390625,
217.56,0.550537109375,
217.58,0.878662109375,0.878662109375
217.6,1.162841796875,1.162841796875
217.62,1.1951904296875,1.1951904296875
217.64000000000001,1.4993896484375,
217.66,1.99365234375,
217.68,1.6976318359375,
217.70000000000002,0.9151611328125,0.9151611328125
217.72,0.6776123046875,
217.74,0.9141845703125,0.9141845703125
217.76,0.854736328125,0.854736328125
217.78,1.2515869140625,1.2515869140625
217.8,1.0751953125,1.0751953125
217.82,0.806640625,0.806640625
217.84,1.2738037109375,1.2738037109375
217.86,1.0914306640625,1.0914306640625
217.88,1.2393798828125,1.2393798828125
217.9,0.885986328125,0.885986328125
217.92000000000002,0.7298583984375,
217.94,1.23681640625,1.23681640625
217.96,1.140869140625,1.140869140625
217.98000000000002,0.9898681640625,0.9898681640625
218.0,1.4339599609375,
218.02,1.4132080078125,
218.04000000000002,1.2520751953125,1.2520751953125
218.06,1.134765625,1.134765625
218.08,1.4637451171875,
218.1,0.951416015625,0.951416015625
218.12,0.851806640625,0.851806640625
218.14000000000001,1.142333984375,1.142333984375
218.16,0.531982421875,
218.18,1.049560546875,1.049560546875
218.20000000000002,0.8701171875,0.8701171875
218.22,1.447021484375,
218.24,0.9730224609375,0.9730224609375
218.26,1.1451416015625,1.1451416015625
218.28,1.290283203125,1.290283203125
218.3,0.7073974609375,0.7073974609375
218.32,0.2686767578125,
218.34,-0.0682373046875,
218.36,0.391357421875,
218.38,0.6375732421875,
218.4,1.116943359375,1.116943359375
218.42000000000002,1.252197265625,1.252197265625
218.44,0.58349609375,
218.46,1.1973876953125,1.1973876953125
218.48000000000002,1.2158203125,1.2158203125
218.5,1.4501953125,
218.52,1.7171630859375,
218.54000000000002,1.002197265625,1.002197265625
218.56,1.3369140625,1.3369140625
218.58,1.00927734375,1.00927734375
218.6,1.2535400390625,1.2535400390625
218.62,1.3985595703125,1.3985595703125
218.64000000000001,1.180908203125,1.180908203125
218.66,1.4769287109375,
218.68,1.3814697265625,1.3814697265625
218.70000000000002,0.6099853515625,0.6099853515625
218.72,0.2496337890625,
218.74,0.4276123046875,
218.76,0.30029296875,
218.78,0.5538330078125,0.5538330078125
218.8,0.6273193359375,0.6273193359375
218.82,0.1051025390625,
218.84,0.33642578125,
218.86,0.706298828125,0.706298828125
218.88,0.83984375,0.83984375
218.9,0.9124755859375,0.9124755859375
218.92000000000002,0.7847900390625,0.7847900390625
218.94,0.9483642578125,0.9483642578125
218.96,1.0318603515625,1.0318603515625
218.98000000000002,0.73974609375,0.73974609375
219.0,1.3465576171875,1.3465576171875
219.02,1.3973388671875,1.3973388671875
219.04000000000002,1.09033203125,1.09033203125
219.06,0.6124267578125,0.6124267578125
219.08,1.0994873046875,1.0994873046875
219.1,1.1507568359375,1.1507568359375
219.12,0.9271240234375,0.9271240234375
219.14000000000001,0.814208984375,0.814208984375
219.16,0.97412109375,0.97412109375
219.18,0.6092529296875,
219.20000000000002,1.4332275390625,1.4332275390625
219.22,1.5421142578125,
219.24,1.4669189453125,1.4669189453125
219.26,1.549560546875,
219.28,1.3507080078125,1.3507080078125
219.3,0.90673828125,0.90673828125
219.32,0.7244873046875,0.7244873046875
219.34,0.16943359375,
219.36,1.8304443359375,
219.38,1.69287109375,
219.4,1.44140625,1.44140625
219.42000000000002,2.0,
219.44,1.9993896484375,
219.46,0.7296142578125,0.7296142578125
219.48000000000002,0.59326171875,0.59326171875
219.5,-0.224609375,
219.52,0.2418212890625,
219.54000000000002,1.2725830078125,1.2725830078125
219.56,1.22216796875,1.22216796875
219.58,1.474609375,1.474609375
219.6,1.3453369140625,1.3453369140625
219.62,1.278076171875,1.278076171875
219.64000000000001,0.977783203125,0.977783203125
219.66,0.908447265625,0.908447265625
219.68,0.7908935546875,0.7908935546875
219.70000000000002,1.1593017578125,1.1593017578125
219.72,0.71826171875,
219.74,1.109130859375,1.109130859375
219.76,1.5225830078125,1.5225830078125
219.78,1.227294921875,1.227294921875
219.8,0.8778076171875,0.8778076171875
219.82,0.9847412109375,0.9847412109375
219.84,1.1864013671875,1.1864013671875
219.86,1.35400390625,1.35400390625
219.88,1.4100341796875,1.4100341796875
219.9,0.8724365234375,0.8724365234375
219.92000000000002,0.1787109375,
219.94,0.500732421875,
219.96,0.433837890625,
219.98000000000002,1.408203125,1.408203125
220.0,1.5191650390625,1.5191650390625
220.02,0.7625732421875,0.7625732421875
220.04000000000002,1.42041015625,1.42041015625
220.06,1.2491455078125,1.2491455078125
220.08,1.17431640625,1.17431640625
220.1,1.4310302734375,1.4310302734375
220.12,1.2926025390625,1.2926025390625
220.14000000000001,0.965087890625,0.965087890625
220.16,0.99462890625,0.99462890625
220.18,0.8045654296875,0.8045654296875
220.20000000000002,1.3560791015625,1.3560791015625
220.22,1.659423828125,
220.24,1.8558349609375,
220.26,0.8258056640625,0.8258056640625
220.28,1.2960205078125,1.2960205078125
220.3,1.0357666015625,1.0357666015625
220.32,1.471435546875,1.471435546875
220.34,0.561767578125,
220.36,0.218994140625,
220.38,0.9969482421875,0.9969482421875
220.4,1.0185546875,1.0185546875
220.42000000000002,1.220458984375,1.220458984375
220.44,1.2640380859375,1.2640380859375
220.46,1.1439208984375,1.1439208984375
220.48000000000002,1.0009765625,1.0009765625
220.5,0.630126953125,
220.52,0.6329345703125,
220.54000000000002,0.541015625,
220.56,0.85009765625,0.85009765625
220.58,1.4400634765625,1.4400634765625
220.60000000000002,1.14404296875,1.14404296875
220.62,1.34912109375,1.34912109375
220.64000000000001,1.43896484375,1.43896484375
220.66,1.14453125,1.14453125
220.68,1.2791748046875,1.2791748046875
220.7,1.2371826171875,1.2371826171875
220.72,0.8409423828125,0.8409423828125
220.74,1.087890625,1.087890625
220.76,0.82373046875,0.82373046875
220.78,1.2335205078125,1.2335205078125
220.8,1.3536376953125,1.3536376953125
220.82,0.7923583984375,0.7923583984375
220.84,1.0166015625,1.0166015625
220.86,0.631103515625,
220.88,0.5364990234375,
220.9,0.421875,
220.92000000000002,1.0843505859375,1.0843505859375
220.94,1.344970703125,1.344970703125
220.96,1.6187744140625,
220.98000000000002,0.7109375,
221.0,1.175048828125,1.175048828125
221.02,0.5189208984375,
221.04000000000002,0.979248046875,0.979248046875
221.06,0.9603271484375,0.9603271484375
221.08,0.8895263671875,0.8895263671875
221.10000000000002,0.9512939453125,0.9512939453125
221.12,1.189453125,1.189453125
221.14000000000001,1.0762939453125,1.0762939453125
221.16,0.912353515625,0.912353515625
221.18,1.1986083984375,1.1986083984375
221.2,1.1331787109375,1.1331787109375
221.22,0.6318359375,0.6318359375
221.24,1.2738037109375,1.2738037109375
221.26,1.3931884765625,
221.28,1.356689453125,1.356689453125
221.3,1.10302734375,1.10302734375
221.32,0.567626953125,0.567626953125
221.34,1.197509765625,1.197509765625
221.36,0.99560546875,0.99560546875
221.38,0.8492431640625,0.8492431640625
221.4,0.3927001953125,0.3927001953125
221.42000000000002,0.539306640625,0.539306640625
221.44,0.751708984375,0.751708984375
221.46,1.1593017578125,1.1593017578125
221.48000000000002,1.070556640625,1.070556640625
221.5,0.582763671875,0.582763671875
221.52,1.0994873046875,1.0994873046875
221.54000000000002,1.667236328125,
221.56,1.58349609375,
221.58,0.63525390625,0.63525390625
221.60000000000002,0.3902587890625,0.3902587890625
221.62,1.160888671875,1.160888671875
221.64000000000001,1.1636962890625,1.1636962890625
221.66,0.7430419921875,0.7430419921875
221.68,0.9417724609375,0.9417724609375
221.7,1.3603515625,1.3603515625
221.72,0.87255859375,0.87255859375
221.74,0.89013671875,0.89013671875
221.76,0.9307861328125,0.9307861328125
221.78,0.0870361328125,0.0870361328125
221.8,-0.41064453125,-0.41064453125
221.82,-1.1207275390625,
221.84,-0.6929931640625,-0.6929931640625
221.86,-0.767333984375,-0.767333984375
221.88,-0.53271484375,-0.53271484375
221.9,-0.4210205078125,-0.4210205078125
221.92000000000002,-0.69189453125,-0.69189453125
221.94,-1.2301025390625,-1.2301025390625
221.96,-1.215576171875,-1.215576171875
221.98000000000002,-0.6329345703125,-0.6329345703125
222.0,-0.246826171875,-0.246826171875
222.02,-0.4149169921875,-0.4149169921875
222.04000000000002,-0.601806640625,-0.601806640625
222.06,-1.050537109375,-1.050537109375
222.08,-1.498779296875,
222.10000000000002,-0.8839111328125,-0.8839111328125
222.12,-0.75537109375,-0.75537109375
222.14000000000001,-0.776123046875,-0.776123046875
222.16,-0.5579833984375,-0.5579833984375
222.18,-0.06103515625,-0.06103515625
222.2,-0.181640625,-0.181640625
222.22,-1.392578125,
222.24,-1.3837890625,
222.26,-1.260986328125,
222.28,-1.5244140625,
222.3,-0.2679443359375,-0.2679443359375
222.32,0.172119140625,
222.34,0.997802734375,
222.36,0.3485107421875,
222.38,-0.5657958984375,-0.5657958984375
222.4,-1.058837890625,-1.058837890625
222.42000000000002,-1.154541015625,-1.154541015625
222.44,-0.7384033203125,-0.7384033203125
222.46,-0.3414306640625,-0.3414306640625
222.48000000000002,-0.3280029296875,-0.3280029296875
222.5,-1.092041015625,-1.092041015625
222.52,-1.18994140625,-1.18994140625
222.54000000000002,-1.22900390625,-1.22900390625
222.56,-1.4130859375,
222.58,-0.789306640625,-0.789306640625
222.60000000000002,-0.9771728515625,-0.9771728515625
222.62,-0.92041015625,-0.92041015625
222.64000000000001,-1.0692138671875,-1.0692138671875
222.66,-0.6168212890625,-0.6168212890625
222.68,-0.7396240234375,-0.7396240234375
222.7,-0.71044921875,-0.71044921875
222.72,-0.4468994140625,-0.4468994140625
222.74,-0.42431640625,-0.42431640625
222.76,-0.484619140625,-0.484619140625
222.78,-0.443359375,-0.443359375
222.8,-0.7950439453125,-0.7950439453125
222.82,-0.596923828125,-0.596923828125
222.84,-0.567626953125,-0.567626953125
222.86,-0.7459716796875,-0.7459716796875
222.88,-0.7635498046875,-0.7635498046875
222.9,-1.4219970703125,
222.92000000000002,-1.4873046875,
222.94,-0.5662841796875,-0.5662841796875
222.96,-0.383056640625,-0.383056640625
222.98000000000002,-0.9378662109375,-0.9378662109375
223.0,-1.607666015625,
223.02,-1.5272216796875,
223.04000000000002,-1.29443359375,
223.06,-1.1185302734375,-1.1185302734375
223.08,-1.454833984375,
223.10000000000002,-0.973388671875,-0.973388671875
223.12,-1.2352294921875,-1.2352294921875
223.14000000000001,-0.966796875,-0.966796875
223.16,-1.087646484375,-1.087646484375
223.18,-1.1507568359375,-1.1507568359375
223.2,-1.5084228515625,
223.22,-1.3736572265625,
223.24,-1.39501953125,
223.26,-0.62890625,-0.62890625
223.28,-0.1072998046875,
223.3,0.24072265625,
223.32,0.2408447265625,
223.34,-0.4495849609375,
223.36,-0.8045654296875,-0.8045654296875
223.38,-0.5833740234375,-0.5833740234375
223.4,-0.2164306640625,
223.42000000000002,0.1251220703125,
223.44,-0.2039794921875,
223.46,-0.71044921875,-0.71044921875
223.48000000000002,-1.063232421875,-1.063232421875
223.5,-1.142822265625,-1.142822265625
223.52,-0.8448486328125,-0.8448486328125
223.54000000000002,-0.4012451171875,
223.56,-0.36474609375,
223.58,-0.4385986328125,
223.60000000000002,-0.6343994140625,-0.6343994140625
223.62,-1.017578125,-1.017578125
223.64000000000001,-1.1641845703125,-1.1641845703125
223.66,-1.065185546875,-1.065185546875
223.68,-0.909912109375,-0.909912109375
223.7,-0.9508056640625,-0.9508056640625
223.72,-1.0875244140625,-1.0875244140625
223.74,-0.646728515625,-0.646728515625
223.76,-0.9002685546875,-0.9002685546875
223.78,-1.11767578125,-1.11767578125
223.8,-1.181640625,-1.181640625
223.82,-1.44921875,
223.84,-1.232177734375,-1.232177734375
223.86,-1.3134765625,
223.88,-1.072265625,-1.072265625
223.9,-0.9091796875,-0.9091796875
223.92000000000002,-1.265869140625,-1.265869140625
223.94,-1.0869140625,-1.0869140625
223.96,-0.997802734375,-0.997802734375
223.98000000000002,-0.862548828125,-0.862548828125
224.0,-1.050537109375,-1.050537109375
224.02,-1.439697265625,
224.04000000000002,-1.4107666015625,
224.06,-1.398681640625,
224.08,-1.1163330078125,-1.1163330078125
224.10000000000002,-0.5374755859375,
224.12,-0.636962890625,-0.636962890625
224.14000000000001,-0.8052978515625,-0.8052978515625
224.16,-0.9105224609375,-0.9105224609375
224.18,-0.6700439453125,-0.6700439453125
224.2,-1.1024169921875,-1.1024169921875
224.22,-0.677978515625,-0.677978515625
224.24,-0.6075439453125,-0.6075439453125
224.26,-0.7978515625,-0.7978515625
224.28,-0.919189453125,-0.919189453125
224.3,-0.9468994140625,-0.9468994140625
224.32,-0.614501953125,
224.34,-0.7640380859375,-0.7640380859375
224.36,-0.846923828125,-0.846923828125
224.38,-0.5277099609375,
224.4,-1.6561279296875,
224.42000000000002,-1.37255859375,
224.44,-1.321044921875,
224.46,-0.55322265625,
224.48000000000002,-0.6968994140625,
224.5,-1.430419921875,
224.52,-1.178955078125,-1.178955078125
224.54000000000002,-1.130126953125,-1.130126953125
224.56,-0.8492431640625,-0.8492431640625
224.58,-0.8455810546875,-0.8455810546875
224.60000000000002,-0.8599853515625,-0.8599853515625
224.62,-1.20947265625,-1.20947265625
224.64000000000001,-0.767822265625,-0.767822265625
224.66,-1.1607666015625,-1.1607666015625
224.68,-0.310302734375,
224.7,-0.4801025390625,
224.72,-0.6561279296875,-0.6561279296875
224.74,-0.8677978515625,-0.8677978515625
224.76,-0.2935791015625,
224.78,-1.1279296875,-1.1279296875
224.8,-0.974853515625,-0.974853515625
224.82,-0.8795166015625,-0.8795166015625
224.84,-1.0694580078125,-1.0694580078125
224.86,-1.418701171875,
224.88,-1.129150390625,-1.129150390625
224.9,-0.8006591796875,-0.8006591796875
224.92000000000002,-0.5101318359375,
224.94,-1.400634765625,
224.96,-1.1480712890625,-1.1480712890625
224.98000000000002,-1.1214599609375,-1.1214599609375
225.0,-1.0079345703125,-1.0079345703125
225.02,-1.3885498046875,
225.04000000000002,-0.783447265625,-0.783447265625
225.06,-0.739501953125,-0.739501953125
225.08,-1.1046142578125,-1.1046142578125
225.10000000000002,-0.8973388671875,-0.8973388671875
225.12,-0.983642578125,-0.983642578125
225.14000000000001,-1.2459716796875,-1.2459716796875
225.16,-1.282958984375,
225.18,-1.038818359375,-1.038818359375
225.2,-1.661376953125,
225.22,-1.533203125,
225.24,-1.37353515625,
225.26,-0.9769287109375,-0.9769287109375
225.28,-0.7283935546875,-0.7283935546875
225.3,-0.592529296875,-0.592529296875
225.32,-0.644775390625,-0.644775390625
225.34,-0.72265625,-0.72265625
225.36,-0.54248046875,
225.38,-0.5633544921875,-0.5633544921875
225.4,-0.3170166015625,
225.42000000000002,-0.5606689453125,
225.44,-0.686767578125,-0.686767578125
225.46,-0.406494140625,
225.48000000000002,-0.5745849609375,
225.5,-0.791015625,-0.791015625
225.52,-1.033203125,-1.033203125
225.54000000000002,-0.8818359375,-0.8818359375
225.56,-1.02685546875,-1.02685546875
225.58,-1.10693359375,-1.10693359375
225.60000000000002,-0.7860107421875,-0.7860107421875
225.62,-1.0677490234375,-1.0677490234375
225.64000000000001,-1.32470703125,
225.66,-1.193603515625,
225.68,-0.704833984375,-0.704833984375
225.7,-1.0462646484375,-1.0462646484375
225.72,-1.1947021484375,
225.74,-1.13232421875,-1.13232421875
225.76,-0.884033203125,-0.884033203125
225.78,-1.02978515625,-1.02978515625
225.8,-1.2410888671875,
225.82,-0.7945556640625,-0.7945556640625
225.84,-0.81396484375,-0.81396484375
225.86,-0.7020263671875,-0.7020263671875
225.88,-0.579833984375,-0.579833984375
225.9,-0.8018798828125,-0.8018798828125
225.92000000000002,-0.8245849609375,-0.8245849609375
225.94,-0.8797607421875,-0.8797607421875
225.96,-0.904296875,-0.904296875
225.98000000000002,-1.086181640625,-1.086181640625
226.0,-1.232666015625,
226.02,-0.507080078125,
226.04000000000002,-0.622314453125,-0.622314453125
226.06,-0.8585205078125,-0.8585205078125
226.08,-1.01318359375,-1.01318359375
226.10000000000002,-0.73046875,-0.73046875
226.12,-1.3519287109375,
226.14000000000001,-1.3360595703125,
226.16,-1.0755615234375,-1.0755615234375
226.18,-0.461181640625,
226.2,-0.473388671875,
226.22,-0.8277587890625,-0.8277587890625
226.24,-0.736083984375,-0.736083984375
226.26,-1.016357421875,-1.016357421875
226.28,-0.98193359375,-0.98193359375
226.3,-0.805419921875,-0.805419921875
226.32,-0.43212890625,
226.34,-0.5550537109375,
226.36,-0.6397705078125,-0.6397705078125
226.38,-0.4588623046875,
226.4,-0.5723876953125,
226.42000000000002,-0.8466796875,-0.8466796875
226.44,-0.849853515625,-0.849853515625
226.46,-0.947265625,-0.947265625
226.48000000000002,-0.70556640625,-0.70556640625
226.5,-0.762939453125,-0.762939453125
226.52,-0.6859130859375,-0.6859130859375
226.54000000000002,-1.1158447265625,-1.1158447265625
226.56,-1.20263671875,
226.58,-0.7593994140625,-0.7593994140625
226.60000000000002,-0.8359375,-0.8359375
226.62,-1.4039306640625,
226.64000000000001,-1.612060546875,
226.66,-1.182373046875,-1.182373046875
226.68,-0.8642578125,-0.8642578125
226.7,-0.6558837890625,-0.6558837890625
226.72,-0.5042724609375,
226.74,-0.5328369140625,
226.76,-1.3175048828125,
226.78,-0.9085693359375,-0.9085693359375
226.8,-1.07373046875,-1.07373046875
226.82,-1.044189453125,-1.044189453125
226.84,-1.2359619140625,-1.2359619140625
226.86,-0.972900390625,-0.972900390625
226.88,-1.2030029296875,-1.2030029296875
226.9,-0.564453125,
226.92000000000002,-0.7347412109375,-0.7347412109375
226.94,-0.9462890625,-0.9462890625
226.96,-1.0809326171875,-1.0809326171875
226.98000000000002,-1.0445556640625,-1.0445556640625
227.0,-1.836669921875,
227.02,-1.2618408203125,-1.2618408203125
227.04000000000002,-1.4619140625,
227.06,-0.279296875,
227.08,-0.8465576171875,-0.8465576171875
227.10000000000002,-1.0989990234375,-1.0989990234375
227.12,-1.0472412109375,-1.0472412109375
227.14000000000001,-1.4884033203125,
227.16,-1.4613037109375,
227.18,-0.7479248046875,-0.7479248046875
227.2,-0.9205322265625,-0.9205322265625
227.22,-1.3310546875,-1.3310546875
227.24,-0.9793701171875,-0.9793701171875
227.26,-0.89404296875,-0.89404296875
227.28,-1.1767578125,-1.1767578125
227.3,-1.13623046875,-1.13623046875
227.32,-1.6865234375,
227.34,-1.1441650390625,-1.1441650390625
227.36,-0.9014892578125,-0.9014892578125
227.38,1.10546875,
227.4,1.08642578125,
227.42000000000002,-0.3499755859375,
227.44,-0.4720458984375,
227.46,-0.6204833984375,
227.48000000000002,-1.5067138671875,
227.5,-1.577392578125,
227.52,-1.462890625,
227.54000000000002,-1.398193359375,
227.56,-1.5623779296875,
227.58,-1.210205078125,-1.210205078125
227.60000000000002,-0.6685791015625,
227.62,-0.94384765625,-0.94384765625
227.64000000000001,-0.9395751953125,-0.9395751953125
227.66,-0.857421875,-0.857421875
227.68,-0.63623046875,
227.7,-1.1126708984375,-1.1126708984375
227.72,-1.3118896484375,-1.3118896484375
227.74,-1.8890380859375,
227.76,-1.552490234375,
227.78,-0.6790771484375,
227.8,-1.032470703125,-1.032470703125
227.82,-1.0911865234375,-1.0911865234375
227.84,-1.3135986328125,-1.3135986328125
227.86,-1.2789306640625,-1.2789306640625
227.88,-1.516357421875,
227.9,-1.2530517578125,-1.2530517578125
227.92000000000002,-1.065185546875,-1.065185546875
227.94,-1.0333251953125,-1.0333251953125
227.96,-0.8148193359375,-0.8148193359375
227.98000000000002,-0.948486328125,-0.948486328125
228.0,-0.7718505859375,-0.7718505859375
228.02,-0.9251708984375,-0.9251708984375
228.04000000000002,-0.9752197265625,-0.9752197265625
228.06,-1.25048828125,-1.25048828125
228.08,-1.0035400390625,-1.0035400390625
228.10000000000002,-0.82958984375,-0.82958984375
228.12,-0.1243896484375,
228.14000000000001,-0.9676513671875,-0.9676513671875
228.16,-1.19384765625,-1.19384765625
228.18,-1.28662109375,-1.28662109375
228.2,-1.0716552734375,-1.0716552734375
228.22,-1.166015625,-1.166015625
228.24,-1.3948974609375,
228.26,-1.3114013671875,
228.28,-1.4056396484375,
228.3,-0.8485107421875,-0.8485107421875
228.32,-0.824951171875,-0.824951171875
228.34,-1.0201416015625,-1.0201416015625
228.36,-0.587890625,
228.38,-0.67578125,-0.67578125
228.4,-0.7342529296875,-0.7342529296875
228.42000000000002,-0.7867431640625,-0.7867431640625
228.44,-1.0645751953125,-1.0645751953125
228.46,-1.8663330078125,
228.48000000000002,-1.7266845703125,
228.5,-0.9586181640625,-0.9586181640625
228.52,-0.6737060546875,-0.6737060546875
228.54000000000002,-0.19384765625,
228.56,-0.920166015625,-0.920166015625
228.58,-0.771484375,-0.771484375
228.60000000000002,-1.1971435546875,-1.1971435546875
228.62,-0.745361328125,-0.745361328125
228.64000000000001,-1.0518798828125,-1.0518798828125
228.66,-0.82958984375,-0.82958984375
228.68,-0.6280517578125,
228.7,-0.758056640625,-0.758056640625
228.72,-1.307373046875,
228.74,-1.436279296875,
228.76,-0.7935791015625,-0.7935791015625
228.78,-0.9931640625,-0.9931640625
228.8,-0.4638671875,
228.82,-0.84423828125,-0.84423828125
228.84,-0.94287109375,-0.94287109375
228.86,-1.0660400390625,-1.0660400390625
228.88,-0.76708984375,-0.76708984375
228.9,-0.8509521484375,-0.8509521484375
228.92000000000002,-0.659912109375,-0.659912109375
228.94,-1.0797119140625,-1.0797119140625
228.96,-0.7645263671875,-0.7645263671875
228.98000000000002,-0.982177734375,-0.982177734375
229.0,-0.90283203125,-0.90283203125
229.02,-0.9747314453125,-0.9747314453125
229.04000000000002,-0.74951171875,-0.74951171875
229.06,-1.142578125,-1.142578125
229.08,-1.4544677734375,
229.10000000000002,-1.0833740234375,-1.0833740234375
229.12,-0.62744140625,-0.62744140625
229.14000000000001,-1.2796630859375,
229.16,-1.3594970703125,
229.18,-1.2191162109375,
229.2,-0.65283203125,-0.65283203125
229.22,-1.2427978515625,
229.24,-1.064697265625,-1.064697265625
229.26,-0.59033203125,-0.59033203125
229.28,-0.762451171875,-0.762451171875
229.3,-0.95068359375,-0.95068359375
229.32,-1.207763671875,-1.207763671875
229.34,-1.6468505859375,
229.36,-0.7762451171875,-0.7762451171875
229.38,-0.7103271484375,-0.7103271484375
229.4,-0.98828125,-0.98828125
229.42000000000002,0.297607421875,
229.44,-0.2274169921875,
229.46,-1.2265625,-1.2265625
229.48000000000002,-1.292724609375,-1.292724609375
229.5,-0.9119873046875,-0.9119873046875
229.52,-0.8326416015625,-0.8326416015625
229.54000000000002,-0.5362548828125,
229.56,-1.0650634765625,-1.0650634765625
229.58,-0.6571044921875,-0.6571044921875
229.60000000000002,-0.444091796875,
229.62,-0.6416015625,-0.6416015625
229.64000000000001,-0.5732421875,
229.66,-0.1767578125,
229.68,-0.3924560546875,
229.7,-0.8944091796875,-0.8944091796875
229.72,-1.0155029296875,-1.0155029296875
229.74,-1.008544921875,-1.008544921875
229.76,-0.96435546875,-0.96435546875
229.78,-1.22216796875,-1.22216796875
229.8,-1.454345703125,
229.82,-1.4189453125,-1.4189453125
229.84,-0.8919677734375,-0.8919677734375
229.86,-0.7860107421875,-0.7860107421875
229.88,-0.3275146484375,
229.9,-0.121826171875,
229.92000000000002,-0.3602294921875,
229.94,-1.2628173828125,-1.2628173828125
229.96,-1.204345703125,-1.204345703125
229.98000000000002,-1.244873046875,-1.244873046875
230.0,-1.0382080078125,-1.0382080078125
230.02,-1.231201171875,-1.231201171875
230.04000000000002,-1.26220703125,-1.26220703125
230.06,-1.99993896484375,
230.08,-1.8194580078125,
230.10000000000002,-1.63232421875,
230.12,-1.3197021484375,-1.3197021484375
230.14000000000001,-0.5457763671875,
230.16,-0.579833984375,
230.18,-0.98974609375,-0.98974609375
230.2,-1.154541015625,-1.154541015625
230.22,-0.9195556640625,-0.9195556640625
230.24,-0.8662109375,-0.8662109375
230.26,-0.3350830078125,
230.28,-1.2529296875,-1.2529296875
230.3,-1.3475341796875,-1.3475341796875
230.32,-1.6666259765625,
230.34,-1.4781494140625,
230.36,-0.7259521484375,-0.7259521484375
230.38,-1.337890625,-1.337890625
230.4,-1.317138671875,-1.317138671875
230.42000000000002,-0.86279296875,-0.86279296875
230.44,-0.5819091796875,
230.46,-1.511962890625,
230.48000000000002,-1.44775390625,
230.5,-0.894775390625,-0.894775390625
230.52,-0.810791015625,-0.810791015625
230.54000000000002,-0.947265625,-0.947265625
230.56,-0.7171630859375,-0.7171630859375
230.58,-0.2115478515625,
230.60000000000002,-0.625732421875,
230.62,-0.739990234375,-0.739990234375
230.64000000000001,-1.030517578125,-1.030517578125
230.66,-0.890625,-0.890625
230.68,-1.021484375,-1.021484375
230.7,-1.638427734375,
230.72,-1.379638671875,-1.379638671875
230.74,-1.575927734375,
230.76,-1.239013671875,-1.239013671875
230.78,-1.4307861328125,
230.8,-1.107666015625,-1.107666015625
230.82,-1.080078125,-1.080078125
230.84,-1.0433349609375,-1.0433349609375
230.86,-0.6834716796875,-0.6834716796875
230.88,-0.6109619140625,-0.6109619140625
230.9,-1.18896484375,-1.18896484375
230.92000000000002,-1.04736328125,-1.04736328125
230.94,-1.0213623046875,-1.0213623046875
230.96,-0.9434814453125,-0.9434814453125
230.98000000000002,-0.933837890625,-0.933837890625
231.0,-0.916015625,-0.916015625
231.02,-0.913330078125,-0.913330078125
231.04000000000002,-1.202880859375,-1.202880859375
231.06,-1.3289794921875,-1.3289794921875
231.08,-0.948974609375,-0.948974609375
231.10000000000002,-0.7685546875,-0.7685546875
231.12,-0.318603515625,-0.318603515625
231.14000000000001,0.0726318359375,
231.16,-0.311279296875,-0.311279296875
231.18,-1.06787109375,-1.06787109375
231.2,-1.59375,
231.22,-0.81591796875,-0.81591796875
231.24,-0.53662109375,-0.53662109375
231.26,-0.63330078125,-0.63330078125
231.28,-0.765625,-0.765625
231.3,-1.2249755859375,-1.2249755859375
231.32,-1.3187255859375,-1.3187255859375
231.34,-0.6705322265625,-0.6705322265625
231.36,-0.7523193359375,-0.7523193359375
231.38,-1.08447265625,-1.08447265625
231.4,-1.5772705078125,
231.42000000000002,-0.6083984375,-0.6083984375
231.44,0.9508056640625,0.9508056640625
231.46,0.9569091796875,0.9569091796875
231.48000000000002,0.6177978515625,0.6177978515625
231.5,-0.3909912109375,-0.3909912109375
231.52,-0.2301025390625,-0.2301025390625
231.54000000000002,0.2943115234375,0.2943115234375
231.56,0.5606689453125,0.5606689453125
231.58,0.393798828125,0.393798828125
231.60000000000002,0.0977783203125,0.0977783203125
231.62,0.970703125,0.970703125
231.64000000000001,1.0411376953125,1.0411376953125
231.66,1.837646484375,
231.68,1.6331787109375,
231.7,1.281005859375,
231.72,1.26904296875,
231.74,1.04345703125,1.04345703125
231.76,0.6234130859375,0.6234130859375
231.78,0.717041015625,0.717041015625
231.8,0.8544921875,0.8544921875
231.82,0.2147216796875,0.2147216796875
231.84,0.6195068359375,0.6195068359375
231.86,0.912109375,0.912109375
231.88,0.927978515625,0.927978515625
231.9,1.1495361328125,1.1495361328125
231.92000000000002,0.7135009765625,0.7135009765625
231.94,0.880859375,0.880859375
231.96,0.6668701171875,0.6668701171875
231.98000000000002,0.59375,0.59375
232.0,0.35498046875,
232.02,0.1846923828125,
232.04000000000002,0.3126220703125,
232.06,0.494873046875,0.494873046875
232.08,0.447021484375,
232.10000000000002,0.5029296875,
232.12,0.67822265625,0.67822265625
232.14000000000001,0.669677734375,0.669677734375
232.16,0.9764404296875,0.9764404296875
232.18,0.6903076171875,0.6903076171875
232.2,0.8875732421875,0.8875732421875
232.22,1.2596435546875,
232.24,1.1221923828125,
232.26,1.0545654296875,1.0545654296875
232.28,0.8447265625,0.8447265625
232.3,0.7337646484375,0.7337646484375
232.32,0.539306640625,0.539306640625
232.34,0.87646484375,0.87646484375
232.36,1.4698486328125,
232.38,1.138427734375,
232.4,0.92333984375,0.92333984375
232.42000000000002,1.3486328125,
232.44,1.5057373046875,
232.46,1.444091796875,
232.48000000000002,0.9635009765625,0.9635009765625
232.5,0.9779052734375,0.9779052734375
232.52,0.869384765625,0.869384765625
232.54000000000002,0.97119140625,0.97119140625
232.56,0.7967529296875,0.7967529296875
232.58,0.790771484375,0.790771484375
232.60000000000002,0.8695068359375,0.8695068359375
232.62,0.77197265625,0.77197265625
232.64000000000001,0.7156982421875,0.7156982421875
232.66,0.327880859375,0.327880859375
232.68,0.6907958984375,0.6907958984375
232.7,0.75048828125,0.75048828125
232.72,0.692626953125,0.692626953125
232.74,0.5830078125,0.5830078125
232.76,0.8583984375,0.8583984375
232.78,0.8878173828125,0.8878173828125
232.8,0.7130126953125,0.7130126953125
232.82,0.7445068359375,0.7445068359375
232.84,0.6929931640625,0.6929931640625
232.86,0.7933349609375,0.7933349609375
232.88,0.6258544921875,0.6258544921875
232.9,0.2618408203125,0.2618408203125
232.92000000000002,0.01025390625,0.01025390625
232.94,-0.0103759765625,-0.0103759765625
232.96,0.2166748046875,0.2166748046875
232.98000000000002,0.202880859375,0.202880859375
233.0,0.4249267578125,0.4249267578125
233.02,0.5572509765625,0.5572509765625
233.04000000000002,0.6417236328125,0.6417236328125
233.06,0.2510986328125,0.2510986328125
233.08,0.30712890625,0.30712890625
233.10000000000002,0.2158203125,0.2158203125
233.12,0.201171875,0.201171875
233.14000000000001,0.3204345703125,0.3204345703125
233.16,0.279541015625,0.279541015625
233.18,-0.0035400390625,-0.0035400390625
233.2,-0.318359375,
233.22,-0.5380859375,
233.24,-0.50830078125,
233.26,-0.327392578125,
233.28,-0.172119140625,-0.172119140625
233.3,-0.1737060546875,-0.1737060546875
233.32,-0.001708984375,-0.001708984375
233.34,-0.0943603515625,-0.0943603515625
233.36,-0.1492919921875,-0.1492919921875
233.38,-0.133056640625,-0.133056640625
233.4,-0.0130615234375,-0.0130615234375
233.42000000000002,-0.09033203125,-0.09033203125
233.44,-0.0831298828125,-0.0831298828125
233.46,0.0408935546875,0.0408935546875
233.48000000000002,0.0439453125,0.0439453125
233.5,-0.0421142578125,-0.0421142578125
233.52,-0.1861572265625,
233.54000000000002,-0.0474853515625,-0.0474853515625
233.56,-0.0198974609375,-0.0198974609375
233.58,-0.068115234375,-0.068115234375
233.60000000000002,-0.088134765625,-0.088134765625
233.62,-0.15185546875,-0.15185546875
233.64000000000001,-0.0802001953125,-0.0802001953125
233.66,-0.0279541015625,-0.0279541015625
233.68,0.0238037109375,0.0238037109375
233.7,-0.286865234375,
233.72,-0.160888671875,
233.74,-0.039306640625,-0.039306640625
233.76,0.0025634765625,0.0025634765625
233.78,-0.0328369140625,-0.0328369140625
233.8,-0.2193603515625,
233.82,0.0400390625,0.0400390625
233.84,-0.15673828125,
233.86,-0.0872802734375,-0.0872802734375
233.88,0.0225830078125,0.0225830078125
233.9,-0.0589599609375,-0.0589599609375
233.92000000000002,-0.031494140625,-0.031494140625
233.94,0.1065673828125,
233.96,0.110595703125,
233.98000000000002,-0.0662841796875,-0.0662841796875
234.0,-0.027587890625,-0.027587890625
234.02,0.1181640625,
234.04000000000002,0.0723876953125,0.0723876953125
234.06,0.1092529296875,0.1092529296875
234.08,-0.026123046875,-0.026123046875
234.10000000000002,0.1124267578125,0.1124267578125
234.12,0.1392822265625,0.1392822265625
234.14000000000001,0.0931396484375,0.0931396484375
234.16,0.1312255859375,0.1312255859375
234.18,0.1063232421875,0.1063232421875
234.2,0.039306640625,0.039306640625
234.22,0.033935546875,0.033935546875
234.24,-0.056640625,-0.056640625
234.26,-0.0689697265625,-0.0689697265625
234.28,-0.1312255859375,
234.3,-0.0616455078125,-0.0616455078125
234.32,-0.063720703125,-0.063720703125
234.34,-0.0162353515625,-0.0162353515625
234.36,-0.0296630859375,-0.0296630859375
234.38,0.0267333984375,0.0267333984375
234.4,0.045654296875,0.045654296875
234.42000000000002,0.0224609375,0.0224609375
234.44,0.0833740234375,0.0833740234375
234.46,0.1231689453125,0.1231689453125
234.48000000000002,0.28466796875,
234.5,0.2982177734375,
234.52,0.3358154296875,
234.54000000000002,0.1566162109375,
234.56,0.19580078125,
234.58,0.2142333984375,
234.60000000000002,0.0731201171875,0.0731201171875
234.62,0.2950439453125,
234.64000000000001,0.3104248046875,
234.66,0.31298828125,
234.68,0.2547607421875,
234.7,0.0625,0.0625
234.72,-0.070556640625,
234.74,0.0518798828125,0.0518798828125
234.76,0.10546875,0.10546875
234.78,0.1783447265625,
234.8,0.2069091796875,
234.82,0.13427734375,
234.84,0.14599609375,
234.86,0.068115234375,0.068115234375
234.88,0.12548828125,
234.9,0.0316162109375,0.0316162109375
234.92000000000002,0.04296875,0.04296875
234.94,0.084228515625,0.084228515625
234.96,0.043701171875,0.043701171875
234.98000000000002,0.082763671875,0.082763671875
235.0,0.050537109375,0.050537109375
235.02,-0.0064697265625,
235.04000000000002,0.006103515625,
235.06,-0.0791015625,
235.08,-0.02685546875,
235.10000000000002,0.0174560546875,
235.12,0.05859375,0.05859375
235.14000000000001,0.060791015625,0.060791015625
235.16,0.0513916015625,0.0513916015625
235.18,0.04150390625,0.04150390625
235.2,0.039306640625,0.039306640625
235.22,0.040283203125,0.040283203125
235.24,0.0216064453125,
235.26,0.0726318359375,0.0726318359375
235.28,0.027587890625,
235.3,0.0389404296875,0.0389404296875
235.32,0.04296875,0.04296875
235.34,-0.002197265625,
235.36,0.0631103515625,0.0631103515625
235.38,0.057861328125,0.057861328125
235.4,0.0372314453125,0.0372314453125
235.42000000000002,0.0511474609375,0.0511474609375
235.44,0.061279296875,0.061279296875
235.46,0.097900390625,
235.48000000000002,0.0936279296875,
235.5,0.0716552734375,0.0716552734375
235.52,0.0545654296875,0.0545654296875
235.54000000000002,0.0413818359375,0.0413818359375
235.56,0.025390625,
235.58,0.0443115234375,0.0443115234375
235.60000000000002,0.069091796875,0.069091796875
235.62,0.0712890625,0.0712890625
235.64000000000001,0.0875244140625,
235.66,0.0634765625,0.0634765625
235.68,0.08447265625,0.08447265625
235.7,0.04931640625,0.04931640625
235.72,0.0753173828125,0.0753173828125
235.74,0.0948486328125,
235.76,0.0831298828125,0.0831298828125
235.78,0.0838623046875,
235.8,0.059326171875,0.059326171875
235.82,0.0809326171875,0.0809326171875
235.84,0.057861328125,0.057861328125
235.86,0.0706787109375,0.0706787109375
235.88,0.0753173828125,0.0753173828125
235.9,0.089599609375,
235.92000000000002,0.093994140625,
235.94,0.067626953125,0.067626953125
235.96,0.0474853515625,
235.98000000000002,0.0489501953125,
236.0,0.069091796875,0.069091796875
236.02,0.100830078125,
236.04000000000002,0.0947265625,
236.06,0.0673828125,0.0673828125
236.08,0.0538330078125,
236.10000000000002,0.0606689453125,
236.12,0.078857421875,
236.14000000000001,0.0811767578125,
236.16,0.0733642578125,0.0733642578125
236.18,0.0615234375,
236.2,0.0643310546875,
236.22,0.0677490234375,0.0677490234375
236.24,0.0694580078125,0.0694580078125
236.26,0.06982421875,0.06982421875
236.28,0.069091796875,0.069091796875
236.3,0.071044921875,0.071044921875
236.32,0.069580078125,0.069580078125
236.34,0.06884765625,0.06884765625
236.36,0.0692138671875,0.0692138671875
236.38,0.0716552734375,0.0716552734375
236.4,0.0692138671875,0.0692138671875
236.42000000000002,0.0699462890625,0.0699462890625
236.44,0.06982421875,0.06982421875
236.46,0.069091796875,0.069091796875
236.48000000000002,0.0679931640625,0.0679931640625
236.5,0.066650390625,
236.52,0.06787109375,0.06787109375
236.54000000000002,0.070556640625,0.070556640625
236.56,0.06689453125,
236.58,0.0706787109375,0.0706787109375
236.60000000000002,0.0709228515625,0.0709228515625
236.62,0.07177734375,0.07177734375
236.64000000000001,0.0721435546875,
236.66,0.068603515625,0.068603515625
236.68,0.06640625,
236.7,0.069091796875,0.069091796875
236.72,0.071044921875,0.071044921875
236.74,0.0704345703125,0.0704345703125
236.76,0.070068359375,0.070068359375
236.78,0.07275390625,
236.8,0.07373046875,
236.82,0.0716552734375,0.0716552734375
236.84,0.06982421875,0.06982421875
236.86,0.06689453125,
236.88,0.0672607421875,
236.9,0.070556640625,0.070556640625
236.92000000000002,0.0684814453125,0.0684814453125
236.94,0.06689453125,0.06689453125
236.96,0.0694580078125,0.0694580078125
236.98000000000002,0.0687255859375,0.0687255859375
237.0,0.0706787109375,0.0706787109375
237.02,0.0732421875,0.0732421875
237.04000000000002,0.071533203125,0.071533203125
237.06,0.0692138671875,0.0692138671875
237.08,0.06982421875,0.06982421875
237.10000000000002,0.07275390625,0.07275390625
237.12,0.0716552734375,0.0716552734375
237.14000000000001,0.068359375,0.068359375
237.16,0.0706787109375,0.0706787109375
237.18,0.0728759765625,0.0728759765625
237.2,0.069580078125,0.069580078125
237.22,0.0670166015625,0.0670166015625
237.24,0.069091796875,0.069091796875
237.26,0.072509765625,0.072509765625
237.28,0.07177734375,0.07177734375
237.3,0.0684814453125,0.0684814453125
237.32,0.0697021484375,0.0697021484375
237.34,0.0750732421875,0.0750732421875
237.36,0.0743408203125,0.0743408203125
237.38,0.070556640625,0.070556640625
237.4,0.0716552734375,0.0716552734375
237.42000000000002,0.07080078125,0.07080078125
237.44,0.0684814453125,0.0684814453125
237.46,0.068115234375,0.068115234375
237.48000000000002,0.0673828125,0.0673828125
237.5,0.0689697265625,0.0689697265625
237.52,0.070556640625,0.070556640625
237.54000000000002,0.069091796875,0.069091796875
237.56,0.0682373046875,0.0682373046875
237.58,0.0711669921875,0.0711669921875
